,id,type,geometry.type,geometry.coordinates,properties.nombre,properties.linea,properties.ultima_posicion_time,properties.recorrido_actual,properties.recorrido_nombre,properties.ultimas_velocidades_promedio,properties.ultimas_variaciones_latitud,properties.ultimas_variaciones_longitud,properties.adaptado,properties.piso_bajo,properties.articulado,properties.empresa,properties.color
0,471,Feature,Point,"[-64.19503, -31.499508]",2669,51,2022-11-01T12:46:08-03:00,955,reg51,11.00,0.00007800,0.00761400,False,False,False,2,#ff0000
1,69,Feature,Point,"[-64.190201, -31.423216]",2708,51,2022-11-01T12:40:40-03:00,955,reg51,15.00,0.00882700,0.00351000,False,False,False,2,#ff0000
2,1073,Feature,Point,"[-64.19915, -31.447826]",3609,51,2022-11-01T12:46:08-03:00,955,reg51,30.00,0.02812900,0.01052800,True,False,False,2,#ff0000
3,1103,Feature,Point,"[-64.195854, -31.499517]",3866,51,2022-11-01T12:44:11-03:00,955,reg51,42.00,0.00004600,0.00689000,False,False,False,2,#ff0000
4,471,Feature,Point,"[-64.19503, -31.499508]",2669,51,2022-11-01T12:46:08-03:00,955,reg51,11.00,0.00007800,0.00761400,False,False,False,2,#ff0000
5,69,Feature,Point,"[-64.190201, -31.423216]",2708,51,2022-11-01T12:40:40-03:00,955,reg51,15.00,0.00882700,0.00351000,False,False,False,2,#ff0000
6,1073,Feature,Point,"[-64.19915, -31.447826]",3609,51,2022-11-01T12:46:08-03:00,955,reg51,30.00,0.02812900,0.01052800,True,False,False,2,#ff0000
7,1103,Feature,Point,"[-64.195854, -31.499517]",3866,51,2022-11-01T12:44:11-03:00,955,reg51,42.00,0.00004600,0.00689000,False,False,False,2,#ff0000
8,471,Feature,Point,"[-64.19503, -31.499508]",2669,51,2022-11-01T12:46:08-03:00,955,reg51,11.00,0.00007800,0.00761400,False,False,False,2,#ff0000
9,69,Feature,Point,"[-64.196487, -31.439388]",2708,51,2022-11-01T12:46:41-03:00,955,reg51,33.00,0.00663900,0.00190700,False,False,False,2,#ff0000
10,165,Feature,Point,"[-64.18438, -31.408125]",3506,51,2022-11-01T12:46:23-03:00,955,reg51,30.00,0.00499900,0.00309700,False,False,False,2,#ff0000
11,1073,Feature,Point,"[-64.19915, -31.447826]",3609,51,2022-11-01T12:46:08-03:00,955,reg51,30.00,0.02812900,0.01052800,True,False,False,2,#ff0000
12,1103,Feature,Point,"[-64.19133, -31.505184]",3866,51,2022-11-01T12:46:44-03:00,955,reg51,54.00,0.00566700,0.00829300,False,False,False,2,#ff0000
13,471,Feature,Point,"[-64.19503, -31.499508]",2669,51,2022-11-01T12:46:08-03:00,955,reg51,11.00,0.00007800,0.00761400,False,False,False,2,#ff0000
14,69,Feature,Point,"[-64.196487, -31.439388]",2708,51,2022-11-01T12:46:41-03:00,955,reg51,33.00,0.00663900,0.00190700,False,False,False,2,#ff0000
15,165,Feature,Point,"[-64.18438, -31.408125]",3506,51,2022-11-01T12:46:23-03:00,955,reg51,30.00,0.00499900,0.00309700,False,False,False,2,#ff0000
16,1073,Feature,Point,"[-64.19915, -31.447826]",3609,51,2022-11-01T12:46:08-03:00,955,reg51,30.00,0.02812900,0.01052800,True,False,False,2,#ff0000
17,1103,Feature,Point,"[-64.19133, -31.505184]",3866,51,2022-11-01T12:46:44-03:00,955,reg51,54.00,0.00566700,0.00829300,False,False,False,2,#ff0000
18,471,Feature,Point,"[-64.189903, -31.501997]",2669,51,2022-11-01T12:48:01-03:00,955,reg51,14.00,0.00253500,0.01163500,False,False,False,2,#ff0000
19,69,Feature,Point,"[-64.197685, -31.443142]",2708,51,2022-11-01T12:47:58-03:00,955,reg51,33.00,0.00665500,0.00206700,False,False,False,2,#ff0000
20,165,Feature,Point,"[-64.18438, -31.408125]",3506,51,2022-11-01T12:46:23-03:00,955,reg51,30.00,0.00499900,0.00309700,False,False,False,2,#ff0000
21,1073,Feature,Point,"[-64.200676, -31.452444]",3609,51,2022-11-01T12:48:02-03:00,955,reg51,33.00,0.02080900,0.00701100,True,False,False,2,#ff0000
22,471,Feature,Point,"[-64.189903, -31.501997]",2669,51,2022-11-01T12:48:01-03:00,955,reg51,14.00,0.00253500,0.01163500,False,False,False,2,#ff0000
23,69,Feature,Point,"[-64.197685, -31.443142]",2708,51,2022-11-01T12:47:58-03:00,955,reg51,33.00,0.00665500,0.00206700,False,False,False,2,#ff0000
24,165,Feature,Point,"[-64.18438, -31.408125]",3506,51,2022-11-01T12:46:23-03:00,955,reg51,30.00,0.00499900,0.00309700,False,False,False,2,#ff0000
25,1073,Feature,Point,"[-64.200676, -31.452444]",3609,51,2022-11-01T12:48:02-03:00,955,reg51,33.00,0.02080900,0.00701100,True,False,False,2,#ff0000
26,471,Feature,Point,"[-64.190063, -31.505018]",2669,51,2022-11-01T12:48:40-03:00,955,reg51,14.00,0.00551000,0.00894200,False,False,False,2,#ff0000
27,69,Feature,Point,"[-64.19883, -31.446869]",2708,51,2022-11-01T12:48:55-03:00,955,reg51,32.00,0.00887100,0.00276200,False,False,False,2,#ff0000
28,165,Feature,Point,"[-64.18438, -31.408125]",3506,51,2022-11-01T12:46:23-03:00,955,reg51,30.00,0.00499900,0.00309700,False,False,False,2,#ff0000
29,1073,Feature,Point,"[-64.200981, -31.453981]",3609,51,2022-11-01T12:48:41-03:00,955,reg51,33.00,0.01326500,0.00402800,True,False,False,2,#ff0000
30,471,Feature,Point,"[-64.190063, -31.505018]",2669,51,2022-11-01T12:48:40-03:00,955,reg51,14.00,0.00551000,0.00894200,False,False,False,2,#ff0000
31,69,Feature,Point,"[-64.19883, -31.446869]",2708,51,2022-11-01T12:48:55-03:00,955,reg51,32.00,0.00887100,0.00276200,False,False,False,2,#ff0000
32,165,Feature,Point,"[-64.18438, -31.408125]",3506,51,2022-11-01T12:46:23-03:00,955,reg51,30.00,0.00499900,0.00309700,False,False,False,2,#ff0000
33,1073,Feature,Point,"[-64.200981, -31.453981]",3609,51,2022-11-01T12:48:41-03:00,955,reg51,33.00,0.01326500,0.00402800,True,False,False,2,#ff0000
34,69,Feature,Point,"[-64.199081, -31.44759]",2708,51,2022-11-01T12:49:15-03:00,955,reg51,32.00,0.00820200,0.00259400,False,False,False,2,#ff0000
35,165,Feature,Point,"[-64.184319, -31.409384]",3506,51,2022-11-01T12:49:33-03:00,955,reg51,30.00,0.00280900,0.00263200,False,False,False,2,#ff0000
36,1073,Feature,Point,"[-64.201096, -31.458618]",3609,51,2022-11-01T12:49:57-03:00,955,reg51,14.00,0.00886500,0.00122900,True,False,False,2,#ff0000
37,69,Feature,Point,"[-64.199081, -31.44759]",2708,51,2022-11-01T12:49:15-03:00,955,reg51,32.00,0.00820200,0.00259400,False,False,False,2,#ff0000
38,165,Feature,Point,"[-64.184319, -31.409384]",3506,51,2022-11-01T12:49:33-03:00,955,reg51,30.00,0.00280900,0.00263200,False,False,False,2,#ff0000
39,1073,Feature,Point,"[-64.201096, -31.458618]",3609,51,2022-11-01T12:49:57-03:00,955,reg51,14.00,0.00886500,0.00122900,True,False,False,2,#ff0000
40,69,Feature,Point,"[-64.200584, -31.450619]",2708,51,2022-11-01T12:50:50-03:00,955,reg51,32.00,0.00747700,0.00289900,False,False,False,2,#ff0000
41,165,Feature,Point,"[-64.184319, -31.409384]",3506,51,2022-11-01T12:49:33-03:00,955,reg51,30.00,0.00280900,0.00263200,False,False,False,2,#ff0000
42,1073,Feature,Point,"[-64.201096, -31.458618]",3609,51,2022-11-01T12:49:57-03:00,955,reg51,14.00,0.00886500,0.00122900,True,False,False,2,#ff0000
43,69,Feature,Point,"[-64.200584, -31.450619]",2708,51,2022-11-01T12:50:50-03:00,955,reg51,32.00,0.00747700,0.00289900,False,False,False,2,#ff0000
44,165,Feature,Point,"[-64.184319, -31.409384]",3506,51,2022-11-01T12:49:33-03:00,955,reg51,30.00,0.00280900,0.00263200,False,False,False,2,#ff0000
45,1073,Feature,Point,"[-64.201096, -31.458618]",3609,51,2022-11-01T12:49:57-03:00,955,reg51,14.00,0.00886500,0.00122900,True,False,False,2,#ff0000
46,69,Feature,Point,"[-64.200584, -31.450619]",2708,51,2022-11-01T12:50:50-03:00,955,reg51,32.00,0.00747700,0.00289900,False,False,False,2,#ff0000
47,165,Feature,Point,"[-64.185196, -31.411699]",3506,51,2022-11-01T12:51:27-03:00,955,reg51,30.00,0.00357400,0.00238800,False,False,False,2,#ff0000
48,1073,Feature,Point,"[-64.204071, -31.469488]",3609,51,2022-11-01T12:51:51-03:00,955,reg51,40.00,0.01704400,0.00339500,True,False,False,2,#ff0000
49,69,Feature,Point,"[-64.200584, -31.450619]",2708,51,2022-11-01T12:50:50-03:00,955,reg51,32.00,0.00747700,0.00289900,False,False,False,2,#ff0000
50,165,Feature,Point,"[-64.185196, -31.411699]",3506,51,2022-11-01T12:51:27-03:00,955,reg51,30.00,0.00357400,0.00238800,False,False,False,2,#ff0000
51,1073,Feature,Point,"[-64.204071, -31.469488]",3609,51,2022-11-01T12:51:51-03:00,955,reg51,40.00,0.01704400,0.00339500,True,False,False,2,#ff0000
52,69,Feature,Point,"[-64.20076, -31.456764]",2708,51,2022-11-01T12:53:04-03:00,955,reg51,37.00,0.00989500,0.00238800,False,False,False,2,#ff0000
53,165,Feature,Point,"[-64.186806, -31.415277]",3506,51,2022-11-01T12:52:23-03:00,955,reg51,17.00,0.00715200,0.00289200,False,False,False,2,#ff0000
54,1073,Feature,Point,"[-64.2043, -31.470463]",3609,51,2022-11-01T12:53:08-03:00,955,reg51,26.00,0.01322000,0.00358600,True,False,False,2,#ff0000
55,69,Feature,Point,"[-64.20076, -31.456764]",2708,51,2022-11-01T12:53:04-03:00,955,reg51,37.00,0.00989500,0.00238800,False,False,False,2,#ff0000
56,165,Feature,Point,"[-64.186806, -31.415277]",3506,51,2022-11-01T12:52:23-03:00,955,reg51,17.00,0.00715200,0.00289200,False,False,False,2,#ff0000
57,1073,Feature,Point,"[-64.2043, -31.470463]",3609,51,2022-11-01T12:53:08-03:00,955,reg51,26.00,0.01322000,0.00358600,True,False,False,2,#ff0000
58,69,Feature,Point,"[-64.201462, -31.46015]",2708,51,2022-11-01T12:54:21-03:00,955,reg51,37.00,0.00953100,0.00087800,False,False,False,2,#ff0000
59,165,Feature,Point,"[-64.186806, -31.415277]",3506,51,2022-11-01T12:52:23-03:00,955,reg51,17.00,0.00715200,0.00289200,False,False,False,2,#ff0000
60,1073,Feature,Point,"[-64.2043, -31.470463]",3609,51,2022-11-01T12:53:08-03:00,955,reg51,26.00,0.01322000,0.00358600,True,False,False,2,#ff0000
61,69,Feature,Point,"[-64.201462, -31.46015]",2708,51,2022-11-01T12:54:21-03:00,955,reg51,37.00,0.00953100,0.00087800,False,False,False,2,#ff0000
62,165,Feature,Point,"[-64.186806, -31.415277]",3506,51,2022-11-01T12:52:23-03:00,955,reg51,17.00,0.00715200,0.00289200,False,False,False,2,#ff0000
63,1073,Feature,Point,"[-64.2043, -31.470463]",3609,51,2022-11-01T12:53:08-03:00,955,reg51,26.00,0.01322000,0.00358600,True,False,False,2,#ff0000
64,69,Feature,Point,"[-64.201462, -31.46015]",2708,51,2022-11-01T12:54:21-03:00,955,reg51,37.00,0.00953100,0.00087800,False,False,False,2,#ff0000
65,165,Feature,Point,"[-64.186806, -31.415277]",3506,51,2022-11-01T12:52:23-03:00,955,reg51,17.00,0.00715200,0.00289200,False,False,False,2,#ff0000
66,1073,Feature,Point,"[-64.2043, -31.470463]",3609,51,2022-11-01T12:53:08-03:00,955,reg51,26.00,0.01322000,0.00358600,True,False,False,2,#ff0000
67,69,Feature,Point,"[-64.201462, -31.46015]",2708,51,2022-11-01T12:54:21-03:00,955,reg51,37.00,0.00953100,0.00087800,False,False,False,2,#ff0000
68,165,Feature,Point,"[-64.186806, -31.415277]",3506,51,2022-11-01T12:52:23-03:00,955,reg51,17.00,0.00715200,0.00289200,False,False,False,2,#ff0000
69,1073,Feature,Point,"[-64.2043, -31.470463]",3609,51,2022-11-01T12:53:08-03:00,955,reg51,26.00,0.01322000,0.00358600,True,False,False,2,#ff0000
70,69,Feature,Point,"[-64.201462, -31.46015]",2708,51,2022-11-01T12:54:21-03:00,955,reg51,37.00,0.00953100,0.00087800,False,False,False,2,#ff0000
71,165,Feature,Point,"[-64.186806, -31.415277]",3506,51,2022-11-01T12:52:23-03:00,955,reg51,17.00,0.00715200,0.00289200,False,False,False,2,#ff0000
72,1073,Feature,Point,"[-64.2043, -31.470463]",3609,51,2022-11-01T12:53:08-03:00,955,reg51,26.00,0.01322000,0.00358600,True,False,False,2,#ff0000
73,69,Feature,Point,"[-64.201462, -31.46015]",2708,51,2022-11-01T12:54:21-03:00,955,reg51,37.00,0.00953100,0.00087800,False,False,False,2,#ff0000
74,165,Feature,Point,"[-64.186806, -31.415277]",3506,51,2022-11-01T12:52:23-03:00,955,reg51,17.00,0.00715200,0.00289200,False,False,False,2,#ff0000
75,1073,Feature,Point,"[-64.2043, -31.470463]",3609,51,2022-11-01T12:53:08-03:00,955,reg51,26.00,0.01322000,0.00358600,True,False,False,2,#ff0000
76,69,Feature,Point,"[-64.201462, -31.46015]",2708,51,2022-11-01T12:54:21-03:00,955,reg51,37.00,0.00953100,0.00087800,False,False,False,2,#ff0000
77,165,Feature,Point,"[-64.187531, -31.417051]",3506,51,2022-11-01T12:54:55-03:00,955,reg51,9.00,0.00865000,0.00361700,False,False,False,2,#ff0000
78,1073,Feature,Point,"[-64.202728, -31.477486]",3609,51,2022-11-01T12:57:35-03:00,955,reg51,35.00,0.00753800,0.00164800,True,False,False,2,#ff0000
79,69,Feature,Point,"[-64.201462, -31.46015]",2708,51,2022-11-01T12:54:21-03:00,955,reg51,37.00,0.00953100,0.00087800,False,False,False,2,#ff0000
80,165,Feature,Point,"[-64.187531, -31.417051]",3506,51,2022-11-01T12:54:55-03:00,955,reg51,9.00,0.00865000,0.00361700,False,False,False,2,#ff0000
81,1073,Feature,Point,"[-64.202728, -31.477486]",3609,51,2022-11-01T12:57:35-03:00,955,reg51,35.00,0.00753800,0.00164800,True,False,False,2,#ff0000
82,69,Feature,Point,"[-64.204231, -31.470367]",2708,51,2022-11-01T12:58:27-03:00,955,reg51,43.00,0.00661800,0.00178500,False,False,False,2,#ff0000
83,165,Feature,Point,"[-64.191406, -31.426334]",3506,51,2022-11-01T12:58:22-03:00,955,reg51,18.00,0.01695000,0.00708700,False,False,False,2,#ff0000
84,1073,Feature,Point,"[-64.203171, -31.481316]",3609,51,2022-11-01T12:58:33-03:00,955,reg51,40.00,0.00432800,0.00045800,True,False,False,2,#ff0000
85,69,Feature,Point,"[-64.204231, -31.470367]",2708,51,2022-11-01T12:58:27-03:00,955,reg51,43.00,0.00661800,0.00178500,False,False,False,2,#ff0000
86,165,Feature,Point,"[-64.191406, -31.426334]",3506,51,2022-11-01T12:58:22-03:00,955,reg51,18.00,0.01695000,0.00708700,False,False,False,2,#ff0000
87,1073,Feature,Point,"[-64.203171, -31.481316]",3609,51,2022-11-01T12:58:33-03:00,955,reg51,40.00,0.00432800,0.00045800,True,False,False,2,#ff0000
88,69,Feature,Point,"[-64.204338, -31.470848]",2708,51,2022-11-01T12:59:07-03:00,955,reg51,49.00,0.00518000,0.00137300,False,False,False,2,#ff0000
89,165,Feature,Point,"[-64.191788, -31.427113]",3506,51,2022-11-01T12:59:19-03:00,955,reg51,18.00,0.01541400,0.00659200,False,False,False,2,#ff0000
90,1073,Feature,Point,"[-64.203781, -31.483152]",3609,51,2022-11-01T12:59:11-03:00,955,reg51,40.00,0.00396500,0.00094600,True,False,False,2,#ff0000
91,69,Feature,Point,"[-64.204338, -31.470848]",2708,51,2022-11-01T12:59:07-03:00,955,reg51,49.00,0.00518000,0.00137300,False,False,False,2,#ff0000
92,165,Feature,Point,"[-64.191788, -31.427113]",3506,51,2022-11-01T12:59:19-03:00,955,reg51,18.00,0.01541400,0.00659200,False,False,False,2,#ff0000
93,1073,Feature,Point,"[-64.203781, -31.483152]",3609,51,2022-11-01T12:59:11-03:00,955,reg51,40.00,0.00396500,0.00094600,True,False,False,2,#ff0000
94,69,Feature,Point,"[-64.204536, -31.471865]",2708,51,2022-11-01T13:00:05-03:00,955,reg51,49.00,0.00396000,0.00096800,False,False,False,2,#ff0000
95,165,Feature,Point,"[-64.193581, -31.431242]",3506,51,2022-11-01T13:00:16-03:00,955,reg51,29.00,0.00490800,0.00217500,False,False,False,2,#ff0000
96,1073,Feature,Point,"[-64.20414, -31.484016]",3609,51,2022-11-01T13:00:10-03:00,955,reg51,30.00,0.00341400,0.00112200,True,False,False,2,#ff0000
97,69,Feature,Point,"[-64.204536, -31.471865]",2708,51,2022-11-01T13:00:05-03:00,955,reg51,49.00,0.00396000,0.00096800,False,False,False,2,#ff0000
98,165,Feature,Point,"[-64.193581, -31.431242]",3506,51,2022-11-01T13:00:16-03:00,955,reg51,29.00,0.00490800,0.00217500,False,False,False,2,#ff0000
99,1073,Feature,Point,"[-64.20414, -31.484016]",3609,51,2022-11-01T13:00:10-03:00,955,reg51,30.00,0.00341400,0.00112200,True,False,False,2,#ff0000
100,69,Feature,Point,"[-64.202599, -31.474558]",2708,51,2022-11-01T13:00:43-03:00,955,reg51,37.00,0.00479700,0.00193700,False,False,False,2,#ff0000
101,165,Feature,Point,"[-64.193886, -31.432106]",3506,51,2022-11-01T13:00:35-03:00,955,reg51,27.00,0.00499300,0.00209800,False,False,False,2,#ff0000
102,1073,Feature,Point,"[-64.205879, -31.487942]",3609,51,2022-11-01T13:00:48-03:00,955,reg51,57.00,0.00662600,0.00270800,True,False,False,2,#ff0000
103,69,Feature,Point,"[-64.202599, -31.474558]",2708,51,2022-11-01T13:00:43-03:00,955,reg51,37.00,0.00479700,0.00193700,False,False,False,2,#ff0000
104,165,Feature,Point,"[-64.193886, -31.432106]",3506,51,2022-11-01T13:00:35-03:00,955,reg51,27.00,0.00499300,0.00209800,False,False,False,2,#ff0000
105,1073,Feature,Point,"[-64.205879, -31.487942]",3609,51,2022-11-01T13:00:48-03:00,955,reg51,57.00,0.00662600,0.00270800,True,False,False,2,#ff0000
106,69,Feature,Point,"[-64.202873, -31.480198]",2708,51,2022-11-01T13:02:19-03:00,955,reg51,37.00,0.00935000,0.00193700,False,False,False,2,#ff0000
107,165,Feature,Point,"[-64.194633, -31.433372]",3506,51,2022-11-01T13:02:10-03:00,955,reg51,27.00,0.00496100,0.00232600,False,False,False,2,#ff0000
108,1073,Feature,Point,"[-64.213699, -31.498568]",3609,51,2022-11-01T13:02:05-03:00,955,reg51,44.00,0.01455200,0.00955900,True,False,False,2,#ff0000
109,69,Feature,Point,"[-64.202873, -31.480198]",2708,51,2022-11-01T13:02:19-03:00,955,reg51,37.00,0.00935000,0.00193700,False,False,False,2,#ff0000
110,165,Feature,Point,"[-64.194633, -31.433372]",3506,51,2022-11-01T13:02:10-03:00,955,reg51,27.00,0.00496100,0.00232600,False,False,False,2,#ff0000
111,1073,Feature,Point,"[-64.213699, -31.498568]",3609,51,2022-11-01T13:02:05-03:00,955,reg51,44.00,0.01455200,0.00955900,True,False,False,2,#ff0000
112,69,Feature,Point,"[-64.203217, -31.481499]",2708,51,2022-11-01T13:02:57-03:00,955,reg51,9.00,0.00963400,0.00193700,False,False,False,2,#ff0000
113,165,Feature,Point,"[-64.192276, -31.432531]",3506,51,2022-11-01T13:03:08-03:00,955,reg51,26.00,0.00213000,0.00235700,False,False,False,2,#ff0000
114,1073,Feature,Point,"[-64.210373, -31.499552]",3609,51,2022-11-01T13:03:40-03:00,955,reg51,60.00,0.00683800,0.00418800,True,False,False,2,#ff0000
115,69,Feature,Point,"[-64.203217, -31.481499]",2708,51,2022-11-01T13:02:57-03:00,955,reg51,9.00,0.00963400,0.00193700,False,False,False,2,#ff0000
116,165,Feature,Point,"[-64.192276, -31.432531]",3506,51,2022-11-01T13:03:08-03:00,955,reg51,26.00,0.00213000,0.00235700,False,False,False,2,#ff0000
117,1073,Feature,Point,"[-64.210373, -31.499552]",3609,51,2022-11-01T13:03:40-03:00,955,reg51,60.00,0.00683800,0.00418800,True,False,False,2,#ff0000
118,69,Feature,Point,"[-64.204819, -31.485937]",2708,51,2022-11-01T13:04:33-03:00,955,reg51,36.00,0.00744400,0.00209100,False,False,False,2,#ff0000
119,279,Feature,Point,"[-64.203957, -31.443983]",2926,51,2022-11-01T13:03:03-03:00,955,reg51,39.00,0.01719800,0.01068900,False,False,False,2,#ff0000
120,165,Feature,Point,"[-64.192276, -31.432531]",3506,51,2022-11-01T13:03:08-03:00,955,reg51,26.00,0.00213000,0.00235700,False,False,False,2,#ff0000
121,1073,Feature,Point,"[-64.208244, -31.499538]",3609,51,2022-11-01T13:04:18-03:00,955,reg51,71.00,0.00118000,0.00545500,True,False,False,2,#ff0000
122,69,Feature,Point,"[-64.204819, -31.485937]",2708,51,2022-11-01T13:04:33-03:00,955,reg51,36.00,0.00744400,0.00209100,False,False,False,2,#ff0000
123,279,Feature,Point,"[-64.203957, -31.443983]",2926,51,2022-11-01T13:03:03-03:00,955,reg51,39.00,0.01719800,0.01068900,False,False,False,2,#ff0000
124,165,Feature,Point,"[-64.192276, -31.432531]",3506,51,2022-11-01T13:03:08-03:00,955,reg51,26.00,0.00213000,0.00235700,False,False,False,2,#ff0000
125,1073,Feature,Point,"[-64.208244, -31.499538]",3609,51,2022-11-01T13:04:18-03:00,955,reg51,71.00,0.00118000,0.00545500,True,False,False,2,#ff0000
126,69,Feature,Point,"[-64.207085, -31.48966]",2708,51,2022-11-01T13:05:30-03:00,955,reg51,53.00,0.00946200,0.00421200,False,False,False,2,#ff0000
127,279,Feature,Point,"[-64.203033, -31.447067]",2926,51,2022-11-01T13:05:18-03:00,955,reg51,29.00,0.00700000,0.00726400,False,False,False,2,#ff0000
128,165,Feature,Point,"[-64.193039, -31.440691]",3506,51,2022-11-01T13:05:21-03:00,955,reg51,41.00,0.00816000,0.00117500,False,False,False,2,#ff0000
129,718,Feature,Point,"[-64.184776, -31.410801]",3508,51,2022-11-01T13:04:21-03:00,955,reg51,23.00,0.00259800,0.00167100,False,False,False,2,#ff0000
130,1073,Feature,Point,"[-64.207382, -31.499537]",3609,51,2022-11-01T13:04:37-03:00,955,reg51,37.00,0.00021100,0.00567600,True,False,False,2,#ff0000
131,69,Feature,Point,"[-64.207085, -31.48966]",2708,51,2022-11-01T13:05:30-03:00,955,reg51,53.00,0.00946200,0.00421200,False,False,False,2,#ff0000
132,279,Feature,Point,"[-64.203033, -31.447067]",2926,51,2022-11-01T13:05:18-03:00,955,reg51,29.00,0.00700000,0.00726400,False,False,False,2,#ff0000
133,165,Feature,Point,"[-64.193039, -31.440691]",3506,51,2022-11-01T13:05:21-03:00,955,reg51,41.00,0.00816000,0.00117500,False,False,False,2,#ff0000
134,718,Feature,Point,"[-64.184776, -31.410801]",3508,51,2022-11-01T13:04:21-03:00,955,reg51,23.00,0.00259800,0.00167100,False,False,False,2,#ff0000
135,1073,Feature,Point,"[-64.207382, -31.499537]",3609,51,2022-11-01T13:04:37-03:00,955,reg51,37.00,0.00021100,0.00567600,True,False,False,2,#ff0000
136,69,Feature,Point,"[-64.212807, -31.497307]",2708,51,2022-11-01T13:06:28-03:00,955,reg51,32.00,0.01137000,0.00798800,False,False,False,2,#ff0000
137,279,Feature,Point,"[-64.200073, -31.448019]",2926,51,2022-11-01T13:05:56-03:00,955,reg51,32.00,0.00282100,0.00363900,False,False,False,2,#ff0000
138,165,Feature,Point,"[-64.193336, -31.441185]",3506,51,2022-11-01T13:05:59-03:00,955,reg51,41.00,0.00865400,0.00106000,False,False,False,2,#ff0000
139,718,Feature,Point,"[-64.184776, -31.410801]",3508,51,2022-11-01T13:04:21-03:00,955,reg51,23.00,0.00259800,0.00167100,False,False,False,2,#ff0000
140,1073,Feature,Point,"[-64.207382, -31.499537]",3609,51,2022-11-01T13:04:37-03:00,955,reg51,37.00,0.00021100,0.00567600,True,False,False,2,#ff0000
141,69,Feature,Point,"[-64.212807, -31.497307]",2708,51,2022-11-01T13:06:28-03:00,955,reg51,32.00,0.01137000,0.00798800,False,False,False,2,#ff0000
142,279,Feature,Point,"[-64.200073, -31.448019]",2926,51,2022-11-01T13:05:56-03:00,955,reg51,32.00,0.00282100,0.00363900,False,False,False,2,#ff0000
143,165,Feature,Point,"[-64.193336, -31.441185]",3506,51,2022-11-01T13:05:59-03:00,955,reg51,41.00,0.00865400,0.00106000,False,False,False,2,#ff0000
144,718,Feature,Point,"[-64.184776, -31.410801]",3508,51,2022-11-01T13:04:21-03:00,955,reg51,23.00,0.00259800,0.00167100,False,False,False,2,#ff0000
145,1073,Feature,Point,"[-64.207382, -31.499537]",3609,51,2022-11-01T13:04:37-03:00,955,reg51,37.00,0.00021100,0.00567600,True,False,False,2,#ff0000
146,69,Feature,Point,"[-64.212807, -31.497307]",2708,51,2022-11-01T13:06:28-03:00,955,reg51,32.00,0.01137000,0.00798800,False,False,False,2,#ff0000
147,279,Feature,Point,"[-64.200073, -31.448019]",2926,51,2022-11-01T13:05:56-03:00,955,reg51,32.00,0.00282100,0.00363900,False,False,False,2,#ff0000
148,165,Feature,Point,"[-64.193336, -31.441185]",3506,51,2022-11-01T13:05:59-03:00,955,reg51,41.00,0.00865400,0.00106000,False,False,False,2,#ff0000
149,718,Feature,Point,"[-64.184776, -31.410801]",3508,51,2022-11-01T13:04:21-03:00,955,reg51,23.00,0.00259800,0.00167100,False,False,False,2,#ff0000
150,1073,Feature,Point,"[-64.201469, -31.499458]",3609,51,2022-11-01T13:07:09-03:00,955,reg51,37.00,0.00008400,0.00731700,True,False,False,2,#ff0000
151,69,Feature,Point,"[-64.212807, -31.497307]",2708,51,2022-11-01T13:06:28-03:00,955,reg51,32.00,0.01137000,0.00798800,False,False,False,2,#ff0000
152,279,Feature,Point,"[-64.200073, -31.448019]",2926,51,2022-11-01T13:05:56-03:00,955,reg51,32.00,0.00282100,0.00363900,False,False,False,2,#ff0000
153,165,Feature,Point,"[-64.193336, -31.441185]",3506,51,2022-11-01T13:05:59-03:00,955,reg51,41.00,0.00865400,0.00106000,False,False,False,2,#ff0000
154,718,Feature,Point,"[-64.184776, -31.410801]",3508,51,2022-11-01T13:04:21-03:00,955,reg51,23.00,0.00259800,0.00167100,False,False,False,2,#ff0000
155,1073,Feature,Point,"[-64.201469, -31.499458]",3609,51,2022-11-01T13:07:09-03:00,955,reg51,37.00,0.00008400,0.00731700,True,False,False,2,#ff0000
156,69,Feature,Point,"[-64.209862, -31.49951]",2708,51,2022-11-01T13:08:23-03:00,955,reg51,42.00,0.00985000,0.00572200,False,False,False,2,#ff0000
157,279,Feature,Point,"[-64.200073, -31.448019]",2926,51,2022-11-01T13:05:56-03:00,955,reg51,32.00,0.00282100,0.00363900,False,False,False,2,#ff0000
158,165,Feature,Point,"[-64.193954, -31.442251]",3506,51,2022-11-01T13:08:31-03:00,955,reg51,41.00,0.00354700,0.00150300,False,False,False,2,#ff0000
159,718,Feature,Point,"[-64.185799, -31.413227]",3508,51,2022-11-01T13:06:13-03:00,955,reg51,19.00,0.00502400,0.00167900,False,False,False,2,#ff0000
160,1073,Feature,Point,"[-64.195892, -31.499525]",3609,51,2022-11-01T13:08:44-03:00,955,reg51,34.00,0.00009800,0.00687400,True,False,False,2,#ff0000
161,69,Feature,Point,"[-64.209862, -31.49951]",2708,51,2022-11-01T13:08:23-03:00,955,reg51,42.00,0.00985000,0.00572200,False,False,False,2,#ff0000
162,279,Feature,Point,"[-64.200073, -31.448019]",2926,51,2022-11-01T13:05:56-03:00,955,reg51,32.00,0.00282100,0.00363900,False,False,False,2,#ff0000
163,165,Feature,Point,"[-64.193954, -31.442251]",3506,51,2022-11-01T13:08:31-03:00,955,reg51,41.00,0.00354700,0.00150300,False,False,False,2,#ff0000
164,718,Feature,Point,"[-64.185799, -31.413227]",3508,51,2022-11-01T13:06:13-03:00,955,reg51,19.00,0.00502400,0.00167900,False,False,False,2,#ff0000
165,1073,Feature,Point,"[-64.195892, -31.499525]",3609,51,2022-11-01T13:08:44-03:00,955,reg51,34.00,0.00009800,0.00687400,True,False,False,2,#ff0000
166,69,Feature,Point,"[-64.207458, -31.499483]",2708,51,2022-11-01T13:09:19-03:00,955,reg51,42.00,0.00738400,0.00534900,False,False,False,2,#ff0000
167,279,Feature,Point,"[-64.200073, -31.448019]",2926,51,2022-11-01T13:05:56-03:00,955,reg51,32.00,0.00282100,0.00363900,False,False,False,2,#ff0000
168,165,Feature,Point,"[-64.193954, -31.442251]",3506,51,2022-11-01T13:08:31-03:00,955,reg51,41.00,0.00354700,0.00150300,False,False,False,2,#ff0000
169,718,Feature,Point,"[-64.18898, -31.420889]",3508,51,2022-11-01T13:08:44-03:00,955,reg51,23.00,0.01179900,0.00473000,False,False,False,2,#ff0000
170,1073,Feature,Point,"[-64.195892, -31.499525]",3609,51,2022-11-01T13:08:44-03:00,955,reg51,34.00,0.00009800,0.00687400,True,False,False,2,#ff0000
171,69,Feature,Point,"[-64.207458, -31.499483]",2708,51,2022-11-01T13:09:19-03:00,955,reg51,42.00,0.00738400,0.00534900,False,False,False,2,#ff0000
172,279,Feature,Point,"[-64.200073, -31.448019]",2926,51,2022-11-01T13:05:56-03:00,955,reg51,32.00,0.00282100,0.00363900,False,False,False,2,#ff0000
173,165,Feature,Point,"[-64.193954, -31.442251]",3506,51,2022-11-01T13:08:31-03:00,955,reg51,41.00,0.00354700,0.00150300,False,False,False,2,#ff0000
174,718,Feature,Point,"[-64.18898, -31.420889]",3508,51,2022-11-01T13:08:44-03:00,955,reg51,23.00,0.01179900,0.00473000,False,False,False,2,#ff0000
175,1073,Feature,Point,"[-64.195892, -31.499525]",3609,51,2022-11-01T13:08:44-03:00,955,reg51,34.00,0.00009800,0.00687400,True,False,False,2,#ff0000
176,69,Feature,Point,"[-64.205811, -31.499489]",2708,51,2022-11-01T13:09:58-03:00,955,reg51,41.00,0.00485400,0.00699600,False,False,False,2,#ff0000
177,279,Feature,Point,"[-64.200882, -31.456518]",2926,51,2022-11-01T13:09:27-03:00,955,reg51,34.00,0.01099600,0.00296000,False,False,False,2,#ff0000
178,165,Feature,Point,"[-64.193954, -31.442251]",3506,51,2022-11-01T13:08:31-03:00,955,reg51,41.00,0.00354700,0.00150300,False,False,False,2,#ff0000
179,718,Feature,Point,"[-64.189987, -31.422749]",3508,51,2022-11-01T13:10:01-03:00,955,reg51,27.00,0.01194800,0.00521100,False,False,False,2,#ff0000
180,1073,Feature,Point,"[-64.189781, -31.500538]",3609,51,2022-11-01T13:10:58-03:00,955,reg51,22.00,0.00105500,0.00872800,True,False,False,2,#ff0000
181,69,Feature,Point,"[-64.205811, -31.499489]",2708,51,2022-11-01T13:09:58-03:00,955,reg51,41.00,0.00485400,0.00699600,False,False,False,2,#ff0000
182,279,Feature,Point,"[-64.200882, -31.456518]",2926,51,2022-11-01T13:09:27-03:00,955,reg51,34.00,0.01099600,0.00296000,False,False,False,2,#ff0000
183,165,Feature,Point,"[-64.193954, -31.442251]",3506,51,2022-11-01T13:08:31-03:00,955,reg51,41.00,0.00354700,0.00150300,False,False,False,2,#ff0000
184,718,Feature,Point,"[-64.189987, -31.422749]",3508,51,2022-11-01T13:10:01-03:00,955,reg51,27.00,0.01194800,0.00521100,False,False,False,2,#ff0000
185,1073,Feature,Point,"[-64.189781, -31.500538]",3609,51,2022-11-01T13:10:58-03:00,955,reg51,22.00,0.00105500,0.00872800,True,False,False,2,#ff0000
186,69,Feature,Point,"[-64.20269, -31.499453]",2708,51,2022-11-01T13:10:55-03:00,955,reg51,59.00,0.00220300,0.01011700,False,False,False,2,#ff0000
187,279,Feature,Point,"[-64.200882, -31.456518]",2926,51,2022-11-01T13:09:27-03:00,955,reg51,34.00,0.01099600,0.00296000,False,False,False,2,#ff0000
188,165,Feature,Point,"[-64.193954, -31.442251]",3506,51,2022-11-01T13:08:31-03:00,955,reg51,41.00,0.00354700,0.00150300,False,False,False,2,#ff0000
189,718,Feature,Point,"[-64.190704, -31.424593]",3508,51,2022-11-01T13:11:38-03:00,955,reg51,34.00,0.01136600,0.00490500,False,False,False,2,#ff0000
190,1073,Feature,Point,"[-64.190025, -31.504986]",3609,51,2022-11-01T13:11:55-03:00,955,reg51,40.00,0.00479900,0.00067200,True,False,False,2,#ff0000
191,69,Feature,Point,"[-64.20269, -31.499453]",2708,51,2022-11-01T13:10:55-03:00,955,reg51,59.00,0.00220300,0.01011700,False,False,False,2,#ff0000
192,279,Feature,Point,"[-64.200882, -31.456518]",2926,51,2022-11-01T13:09:27-03:00,955,reg51,34.00,0.01099600,0.00296000,False,False,False,2,#ff0000
193,165,Feature,Point,"[-64.193954, -31.442251]",3506,51,2022-11-01T13:08:31-03:00,955,reg51,41.00,0.00354700,0.00150300,False,False,False,2,#ff0000
194,718,Feature,Point,"[-64.190704, -31.424593]",3508,51,2022-11-01T13:11:38-03:00,955,reg51,34.00,0.01136600,0.00490500,False,False,False,2,#ff0000
195,1073,Feature,Point,"[-64.190025, -31.504986]",3609,51,2022-11-01T13:11:55-03:00,955,reg51,40.00,0.00479900,0.00067200,True,False,False,2,#ff0000
196,69,Feature,Point,"[-64.20269, -31.499453]",2708,51,2022-11-01T13:10:55-03:00,955,reg51,59.00,0.00220300,0.01011700,False,False,False,2,#ff0000
197,279,Feature,Point,"[-64.202057, -31.462427]",2926,51,2022-11-01T13:11:22-03:00,955,reg51,43.00,0.01536000,0.00296000,False,False,False,2,#ff0000
198,367,Feature,Point,"[-64.185326, -31.408081]",3505,51,2022-11-01T13:12:45-03:00,955,reg51,29.00,0.00773200,0.00334100,False,False,False,2,#ff0000
199,165,Feature,Point,"[-64.194031, -31.443365]",3506,51,2022-11-01T13:12:57-03:00,955,reg51,17.00,0.00267400,0.00158700,False,False,False,2,#ff0000
200,718,Feature,Point,"[-64.191719, -31.427248]",3508,51,2022-11-01T13:12:16-03:00,955,reg51,34.00,0.00635900,0.00273900,False,False,False,2,#ff0000
201,1073,Feature,Point,"[-64.191895, -31.505142]",3609,51,2022-11-01T13:12:33-03:00,955,reg51,40.00,0.00460400,0.00211400,True,False,False,2,#ff0000
202,69,Feature,Point,"[-64.20269, -31.499453]",2708,51,2022-11-01T13:10:55-03:00,955,reg51,59.00,0.00220300,0.01011700,False,False,False,2,#ff0000
203,279,Feature,Point,"[-64.202057, -31.462427]",2926,51,2022-11-01T13:11:22-03:00,955,reg51,43.00,0.01536000,0.00296000,False,False,False,2,#ff0000
204,367,Feature,Point,"[-64.185326, -31.408081]",3505,51,2022-11-01T13:12:45-03:00,955,reg51,29.00,0.00773200,0.00334100,False,False,False,2,#ff0000
205,165,Feature,Point,"[-64.194031, -31.443365]",3506,51,2022-11-01T13:12:57-03:00,955,reg51,17.00,0.00267400,0.00158700,False,False,False,2,#ff0000
206,718,Feature,Point,"[-64.191719, -31.427248]",3508,51,2022-11-01T13:12:16-03:00,955,reg51,34.00,0.00635900,0.00273900,False,False,False,2,#ff0000
207,1073,Feature,Point,"[-64.191895, -31.505142]",3609,51,2022-11-01T13:12:33-03:00,955,reg51,40.00,0.00460400,0.00211400,True,False,False,2,#ff0000
208,69,Feature,Point,"[-64.20269, -31.499453]",2708,51,2022-11-01T13:10:55-03:00,955,reg51,59.00,0.00220300,0.01011700,False,False,False,2,#ff0000
209,279,Feature,Point,"[-64.202744, -31.464973]",2926,51,2022-11-01T13:12:19-03:00,955,reg51,52.00,0.01736400,0.00267100,False,False,False,2,#ff0000
210,367,Feature,Point,"[-64.184219, -31.408154]",3505,51,2022-11-01T13:13:04-03:00,955,reg51,29.00,0.00634000,0.00379200,False,False,False,2,#ff0000
211,165,Feature,Point,"[-64.194031, -31.443365]",3506,51,2022-11-01T13:12:57-03:00,955,reg51,17.00,0.00267400,0.00158700,False,False,False,2,#ff0000
212,718,Feature,Point,"[-64.193848, -31.432043]",3508,51,2022-11-01T13:13:32-03:00,955,reg51,34.00,0.00745000,0.00314400,False,False,False,2,#ff0000
213,1073,Feature,Point,"[-64.192497, -31.505157]",3609,51,2022-11-01T13:12:52-03:00,955,reg51,40.00,0.00284900,0.00258600,True,False,False,2,#ff0000
214,69,Feature,Point,"[-64.20269, -31.499453]",2708,51,2022-11-01T13:10:55-03:00,955,reg51,59.00,0.00220300,0.01011700,False,False,False,2,#ff0000
215,279,Feature,Point,"[-64.202744, -31.464973]",2926,51,2022-11-01T13:12:19-03:00,955,reg51,52.00,0.01736400,0.00267100,False,False,False,2,#ff0000
216,367,Feature,Point,"[-64.184219, -31.408154]",3505,51,2022-11-01T13:13:04-03:00,955,reg51,29.00,0.00634000,0.00379200,False,False,False,2,#ff0000
217,165,Feature,Point,"[-64.194031, -31.443365]",3506,51,2022-11-01T13:12:57-03:00,955,reg51,17.00,0.00267400,0.00158700,False,False,False,2,#ff0000
218,718,Feature,Point,"[-64.193848, -31.432043]",3508,51,2022-11-01T13:13:32-03:00,955,reg51,34.00,0.00745000,0.00314400,False,False,False,2,#ff0000
219,1073,Feature,Point,"[-64.192497, -31.505157]",3609,51,2022-11-01T13:12:52-03:00,955,reg51,40.00,0.00284900,0.00258600,True,False,False,2,#ff0000
220,69,Feature,Point,"[-64.190903, -31.505146]",2708,51,2022-11-01T13:15:04-03:00,955,reg51,38.00,0.00569300,0.01596900,False,False,False,2,#ff0000
221,279,Feature,Point,"[-64.202744, -31.464973]",2926,51,2022-11-01T13:12:19-03:00,955,reg51,52.00,0.01736400,0.00267100,False,False,False,2,#ff0000
222,367,Feature,Point,"[-64.184219, -31.408154]",3505,51,2022-11-01T13:13:04-03:00,955,reg51,29.00,0.00634000,0.00379200,False,False,False,2,#ff0000
223,165,Feature,Point,"[-64.194031, -31.443365]",3506,51,2022-11-01T13:12:57-03:00,955,reg51,17.00,0.00267400,0.00158700,False,False,False,2,#ff0000
224,718,Feature,Point,"[-64.194527, -31.43256]",3508,51,2022-11-01T13:14:49-03:00,955,reg51,33.00,0.00641800,0.00341800,False,False,False,2,#ff0000
225,69,Feature,Point,"[-64.190903, -31.505146]",2708,51,2022-11-01T13:15:04-03:00,955,reg51,38.00,0.00569300,0.01596900,False,False,False,2,#ff0000
226,279,Feature,Point,"[-64.202744, -31.464973]",2926,51,2022-11-01T13:12:19-03:00,955,reg51,52.00,0.01736400,0.00267100,False,False,False,2,#ff0000
227,367,Feature,Point,"[-64.184219, -31.408154]",3505,51,2022-11-01T13:13:04-03:00,955,reg51,29.00,0.00634000,0.00379200,False,False,False,2,#ff0000
228,165,Feature,Point,"[-64.194031, -31.443365]",3506,51,2022-11-01T13:12:57-03:00,955,reg51,17.00,0.00267400,0.00158700,False,False,False,2,#ff0000
229,718,Feature,Point,"[-64.194527, -31.43256]",3508,51,2022-11-01T13:14:49-03:00,955,reg51,33.00,0.00641800,0.00341800,False,False,False,2,#ff0000
230,69,Feature,Point,"[-64.190903, -31.505146]",2708,51,2022-11-01T13:15:04-03:00,955,reg51,38.00,0.00569300,0.01596900,False,False,False,2,#ff0000
231,279,Feature,Point,"[-64.202744, -31.464973]",2926,51,2022-11-01T13:12:19-03:00,955,reg51,52.00,0.01736400,0.00267100,False,False,False,2,#ff0000
232,367,Feature,Point,"[-64.184219, -31.408154]",3505,51,2022-11-01T13:13:04-03:00,955,reg51,29.00,0.00634000,0.00379200,False,False,False,2,#ff0000
233,165,Feature,Point,"[-64.194031, -31.443365]",3506,51,2022-11-01T13:12:57-03:00,955,reg51,17.00,0.00267400,0.00158700,False,False,False,2,#ff0000
234,718,Feature,Point,"[-64.194817, -31.432959]",3508,51,2022-11-01T13:16:05-03:00,955,reg51,33.00,0.00571100,0.00309800,False,False,False,2,#ff0000
235,69,Feature,Point,"[-64.190903, -31.505146]",2708,51,2022-11-01T13:15:04-03:00,955,reg51,38.00,0.00569300,0.01596900,False,False,False,2,#ff0000
236,279,Feature,Point,"[-64.202744, -31.464973]",2926,51,2022-11-01T13:12:19-03:00,955,reg51,52.00,0.01736400,0.00267100,False,False,False,2,#ff0000
237,367,Feature,Point,"[-64.184219, -31.408154]",3505,51,2022-11-01T13:13:04-03:00,955,reg51,29.00,0.00634000,0.00379200,False,False,False,2,#ff0000
238,165,Feature,Point,"[-64.194031, -31.443365]",3506,51,2022-11-01T13:12:57-03:00,955,reg51,17.00,0.00267400,0.00158700,False,False,False,2,#ff0000
239,718,Feature,Point,"[-64.194817, -31.432959]",3508,51,2022-11-01T13:16:05-03:00,955,reg51,33.00,0.00571100,0.00309800,False,False,False,2,#ff0000
240,69,Feature,Point,"[-64.190903, -31.505146]",2708,51,2022-11-01T13:15:04-03:00,955,reg51,38.00,0.00569300,0.01596900,False,False,False,2,#ff0000
241,279,Feature,Point,"[-64.202744, -31.464973]",2926,51,2022-11-01T13:12:19-03:00,955,reg51,52.00,0.01736400,0.00267100,False,False,False,2,#ff0000
242,367,Feature,Point,"[-64.184219, -31.408154]",3505,51,2022-11-01T13:13:04-03:00,955,reg51,29.00,0.00634000,0.00379200,False,False,False,2,#ff0000
243,165,Feature,Point,"[-64.19516, -31.45265]",3506,51,2022-11-01T13:17:05-03:00,955,reg51,35.00,0.01146500,0.00182400,False,False,False,2,#ff0000
244,718,Feature,Point,"[-64.194817, -31.432959]",3508,51,2022-11-01T13:16:05-03:00,955,reg51,33.00,0.00571100,0.00309800,False,False,False,2,#ff0000
245,69,Feature,Point,"[-64.190903, -31.505146]",2708,51,2022-11-01T13:15:04-03:00,955,reg51,38.00,0.00569300,0.01596900,False,False,False,2,#ff0000
246,279,Feature,Point,"[-64.202744, -31.464973]",2926,51,2022-11-01T13:12:19-03:00,955,reg51,52.00,0.01736400,0.00267100,False,False,False,2,#ff0000
247,367,Feature,Point,"[-64.184219, -31.408154]",3505,51,2022-11-01T13:13:04-03:00,955,reg51,29.00,0.00634000,0.00379200,False,False,False,2,#ff0000
248,165,Feature,Point,"[-64.19516, -31.45265]",3506,51,2022-11-01T13:17:05-03:00,955,reg51,35.00,0.01146500,0.00182400,False,False,False,2,#ff0000
249,718,Feature,Point,"[-64.194817, -31.432959]",3508,51,2022-11-01T13:16:05-03:00,955,reg51,33.00,0.00571100,0.00309800,False,False,False,2,#ff0000
250,69,Feature,Point,"[-64.190903, -31.505146]",2708,51,2022-11-01T13:15:04-03:00,955,reg51,38.00,0.00569300,0.01596900,False,False,False,2,#ff0000
251,279,Feature,Point,"[-64.202705, -31.476978]",2926,51,2022-11-01T13:16:47-03:00,955,reg51,52.00,0.02895900,0.00267100,False,False,False,2,#ff0000
252,367,Feature,Point,"[-64.18689, -31.415565]",3505,51,2022-11-01T13:17:51-03:00,955,reg51,32.00,0.00748400,0.00267100,False,False,False,2,#ff0000
253,165,Feature,Point,"[-64.196381, -31.457216]",3506,51,2022-11-01T13:18:02-03:00,955,reg51,43.00,0.01388900,0.00235000,False,False,False,2,#ff0000
254,718,Feature,Point,"[-64.194817, -31.432959]",3508,51,2022-11-01T13:16:05-03:00,955,reg51,33.00,0.00571100,0.00309800,False,False,False,2,#ff0000
255,69,Feature,Point,"[-64.190903, -31.505146]",2708,51,2022-11-01T13:15:04-03:00,955,reg51,38.00,0.00569300,0.01596900,False,False,False,2,#ff0000
256,279,Feature,Point,"[-64.202705, -31.476978]",2926,51,2022-11-01T13:16:47-03:00,955,reg51,52.00,0.02895900,0.00267100,False,False,False,2,#ff0000
257,367,Feature,Point,"[-64.18689, -31.415565]",3505,51,2022-11-01T13:17:51-03:00,955,reg51,32.00,0.00748400,0.00267100,False,False,False,2,#ff0000
258,165,Feature,Point,"[-64.196381, -31.457216]",3506,51,2022-11-01T13:18:02-03:00,955,reg51,43.00,0.01388900,0.00235000,False,False,False,2,#ff0000
259,718,Feature,Point,"[-64.194817, -31.432959]",3508,51,2022-11-01T13:16:05-03:00,955,reg51,33.00,0.00571100,0.00309800,False,False,False,2,#ff0000
260,69,Feature,Point,"[-64.190903, -31.505146]",2708,51,2022-11-01T13:15:04-03:00,955,reg51,38.00,0.00569300,0.01596900,False,False,False,2,#ff0000
261,279,Feature,Point,"[-64.203072, -31.480886]",2926,51,2022-11-01T13:18:03-03:00,955,reg51,52.00,0.01845900,0.00101500,False,False,False,2,#ff0000
262,367,Feature,Point,"[-64.187279, -31.416445]",3505,51,2022-11-01T13:18:30-03:00,955,reg51,32.00,0.00836400,0.00306000,False,False,False,2,#ff0000
263,165,Feature,Point,"[-64.19809, -31.463404]",3506,51,2022-11-01T13:19:18-03:00,955,reg51,43.00,0.02003900,0.00405900,False,False,False,2,#ff0000
264,718,Feature,Point,"[-64.194748, -31.433969]",3508,51,2022-11-01T13:18:58-03:00,955,reg51,23.00,0.00192600,0.00096900,False,False,False,2,#ff0000
265,69,Feature,Point,"[-64.190903, -31.505146]",2708,51,2022-11-01T13:15:04-03:00,955,reg51,38.00,0.00569300,0.01596900,False,False,False,2,#ff0000
266,279,Feature,Point,"[-64.203072, -31.480886]",2926,51,2022-11-01T13:18:03-03:00,955,reg51,52.00,0.01845900,0.00101500,False,False,False,2,#ff0000
267,367,Feature,Point,"[-64.187279, -31.416445]",3505,51,2022-11-01T13:18:30-03:00,955,reg51,32.00,0.00836400,0.00306000,False,False,False,2,#ff0000
268,165,Feature,Point,"[-64.19809, -31.463404]",3506,51,2022-11-01T13:19:18-03:00,955,reg51,43.00,0.02003900,0.00405900,False,False,False,2,#ff0000
269,718,Feature,Point,"[-64.194748, -31.433969]",3508,51,2022-11-01T13:18:58-03:00,955,reg51,23.00,0.00192600,0.00096900,False,False,False,2,#ff0000
270,69,Feature,Point,"[-64.190903, -31.505146]",2708,51,2022-11-01T13:15:04-03:00,955,reg51,38.00,0.00569300,0.01596900,False,False,False,2,#ff0000
271,816,Feature,Point,"[-64.185394, -31.412085]",2911,51,2022-11-01T13:19:40-03:00,955,reg51,20.00,0.00395200,0.00125900,False,False,False,2,#ff0000
272,279,Feature,Point,"[-64.203468, -31.48214]",2926,51,2022-11-01T13:18:23-03:00,955,reg51,52.00,0.01716700,0.00076300,False,False,False,2,#ff0000
273,367,Feature,Point,"[-64.187279, -31.416445]",3505,51,2022-11-01T13:18:30-03:00,955,reg51,32.00,0.00836400,0.00306000,False,False,False,2,#ff0000
274,165,Feature,Point,"[-64.199852, -31.463266]",3506,51,2022-11-01T13:19:56-03:00,955,reg51,18.00,0.01075400,0.00469200,False,False,False,2,#ff0000
275,718,Feature,Point,"[-64.196609, -31.439915]",3508,51,2022-11-01T13:20:14-03:00,955,reg51,40.00,0.00695600,0.00190700,False,False,False,2,#ff0000
276,69,Feature,Point,"[-64.190903, -31.505146]",2708,51,2022-11-01T13:15:04-03:00,955,reg51,38.00,0.00569300,0.01596900,False,False,False,2,#ff0000
277,816,Feature,Point,"[-64.185394, -31.412085]",2911,51,2022-11-01T13:19:40-03:00,955,reg51,20.00,0.00395200,0.00125900,False,False,False,2,#ff0000
278,279,Feature,Point,"[-64.203468, -31.48214]",2926,51,2022-11-01T13:18:23-03:00,955,reg51,52.00,0.01716700,0.00076300,False,False,False,2,#ff0000
279,367,Feature,Point,"[-64.187279, -31.416445]",3505,51,2022-11-01T13:18:30-03:00,955,reg51,32.00,0.00836400,0.00306000,False,False,False,2,#ff0000
280,165,Feature,Point,"[-64.199852, -31.463266]",3506,51,2022-11-01T13:19:56-03:00,955,reg51,18.00,0.01075400,0.00469200,False,False,False,2,#ff0000
281,718,Feature,Point,"[-64.196609, -31.439915]",3508,51,2022-11-01T13:20:14-03:00,955,reg51,40.00,0.00695600,0.00190700,False,False,False,2,#ff0000
282,69,Feature,Point,"[-64.190903, -31.505146]",2708,51,2022-11-01T13:15:04-03:00,955,reg51,38.00,0.00569300,0.01596900,False,False,False,2,#ff0000
283,816,Feature,Point,"[-64.18679, -31.41573]",2911,51,2022-11-01T13:20:37-03:00,955,reg51,23.00,0.00677200,0.00265500,False,False,False,2,#ff0000
284,279,Feature,Point,"[-64.203468, -31.48214]",2926,51,2022-11-01T13:18:23-03:00,955,reg51,52.00,0.01716700,0.00076300,False,False,False,2,#ff0000
285,367,Feature,Point,"[-64.188057, -31.41836]",3505,51,2022-11-01T13:20:26-03:00,955,reg51,32.00,0.01020600,0.00383800,False,False,False,2,#ff0000
286,165,Feature,Point,"[-64.199852, -31.463266]",3506,51,2022-11-01T13:19:56-03:00,955,reg51,18.00,0.01075400,0.00469200,False,False,False,2,#ff0000
287,718,Feature,Point,"[-64.197235, -31.442003]",3508,51,2022-11-01T13:20:33-03:00,955,reg51,40.00,0.00857300,0.00253300,False,False,False,2,#ff0000
288,69,Feature,Point,"[-64.190903, -31.505146]",2708,51,2022-11-01T13:15:04-03:00,955,reg51,38.00,0.00569300,0.01596900,False,False,False,2,#ff0000
289,816,Feature,Point,"[-64.18679, -31.41573]",2911,51,2022-11-01T13:20:37-03:00,955,reg51,23.00,0.00677200,0.00265500,False,False,False,2,#ff0000
290,279,Feature,Point,"[-64.203468, -31.48214]",2926,51,2022-11-01T13:18:23-03:00,955,reg51,52.00,0.01716700,0.00076300,False,False,False,2,#ff0000
291,367,Feature,Point,"[-64.188057, -31.41836]",3505,51,2022-11-01T13:20:26-03:00,955,reg51,32.00,0.01020600,0.00383800,False,False,False,2,#ff0000
292,165,Feature,Point,"[-64.199852, -31.463266]",3506,51,2022-11-01T13:19:56-03:00,955,reg51,18.00,0.01075400,0.00469200,False,False,False,2,#ff0000
293,718,Feature,Point,"[-64.197235, -31.442003]",3508,51,2022-11-01T13:20:33-03:00,955,reg51,40.00,0.00857300,0.00253300,False,False,False,2,#ff0000
294,69,Feature,Point,"[-64.190903, -31.505146]",2708,51,2022-11-01T13:15:04-03:00,955,reg51,38.00,0.00569300,0.01596900,False,False,False,2,#ff0000
295,816,Feature,Point,"[-64.187294, -31.41638]",2911,51,2022-11-01T13:21:35-03:00,955,reg51,23.00,0.00704800,0.00247200,False,False,False,2,#ff0000
296,279,Feature,Point,"[-64.206421, -31.488747]",2926,51,2022-11-01T13:21:35-03:00,955,reg51,46.00,0.01176900,0.00371600,False,False,False,2,#ff0000
297,367,Feature,Point,"[-64.189003, -31.421024]",3505,51,2022-11-01T13:21:24-03:00,955,reg51,25.00,0.00545900,0.00211300,False,False,False,2,#ff0000
298,165,Feature,Point,"[-64.202324, -31.463358]",3506,51,2022-11-01T13:21:50-03:00,955,reg51,18.00,0.00785900,0.00642400,False,False,False,2,#ff0000
299,718,Feature,Point,"[-64.199112, -31.447729]",3508,51,2022-11-01T13:21:51-03:00,955,reg51,22.00,0.01376000,0.00436400,False,False,False,2,#ff0000
300,69,Feature,Point,"[-64.190903, -31.505146]",2708,51,2022-11-01T13:15:04-03:00,955,reg51,38.00,0.00569300,0.01596900,False,False,False,2,#ff0000
301,816,Feature,Point,"[-64.187294, -31.41638]",2911,51,2022-11-01T13:21:35-03:00,955,reg51,23.00,0.00704800,0.00247200,False,False,False,2,#ff0000
302,279,Feature,Point,"[-64.206421, -31.488747]",2926,51,2022-11-01T13:21:35-03:00,955,reg51,46.00,0.01176900,0.00371600,False,False,False,2,#ff0000
303,367,Feature,Point,"[-64.189003, -31.421024]",3505,51,2022-11-01T13:21:24-03:00,955,reg51,25.00,0.00545900,0.00211300,False,False,False,2,#ff0000
304,165,Feature,Point,"[-64.202324, -31.463358]",3506,51,2022-11-01T13:21:50-03:00,955,reg51,18.00,0.00785900,0.00642400,False,False,False,2,#ff0000
305,718,Feature,Point,"[-64.199112, -31.447729]",3508,51,2022-11-01T13:21:51-03:00,955,reg51,22.00,0.01376000,0.00436400,False,False,False,2,#ff0000
306,69,Feature,Point,"[-64.190903, -31.505146]",2708,51,2022-11-01T13:15:04-03:00,955,reg51,38.00,0.00569300,0.01596900,False,False,False,2,#ff0000
307,816,Feature,Point,"[-64.187782, -31.418047]",2911,51,2022-11-01T13:23:11-03:00,955,reg51,23.00,0.00737000,0.00251000,False,False,False,2,#ff0000
308,279,Feature,Point,"[-64.211166, -31.495071]",2926,51,2022-11-01T13:22:32-03:00,955,reg51,28.00,0.01554600,0.00834600,False,False,False,2,#ff0000
309,367,Feature,Point,"[-64.189003, -31.421024]",3505,51,2022-11-01T13:21:24-03:00,955,reg51,25.00,0.00545900,0.00211300,False,False,False,2,#ff0000
310,165,Feature,Point,"[-64.204247, -31.470549]",3506,51,2022-11-01T13:23:07-03:00,955,reg51,29.00,0.00728300,0.00439500,False,False,False,2,#ff0000
311,718,Feature,Point,"[-64.199837, -31.449965]",3508,51,2022-11-01T13:23:08-03:00,955,reg51,20.00,0.01212200,0.00388400,False,False,False,2,#ff0000
312,69,Feature,Point,"[-64.190903, -31.505146]",2708,51,2022-11-01T13:15:04-03:00,955,reg51,38.00,0.00569300,0.01596900,False,False,False,2,#ff0000
313,816,Feature,Point,"[-64.187782, -31.418047]",2911,51,2022-11-01T13:23:11-03:00,955,reg51,23.00,0.00737000,0.00251000,False,False,False,2,#ff0000
314,279,Feature,Point,"[-64.211166, -31.495071]",2926,51,2022-11-01T13:22:32-03:00,955,reg51,28.00,0.01554600,0.00834600,False,False,False,2,#ff0000
315,367,Feature,Point,"[-64.189003, -31.421024]",3505,51,2022-11-01T13:21:24-03:00,955,reg51,25.00,0.00545900,0.00211300,False,False,False,2,#ff0000
316,165,Feature,Point,"[-64.204247, -31.470549]",3506,51,2022-11-01T13:23:07-03:00,955,reg51,29.00,0.00728300,0.00439500,False,False,False,2,#ff0000
317,718,Feature,Point,"[-64.199837, -31.449965]",3508,51,2022-11-01T13:23:08-03:00,955,reg51,20.00,0.01212200,0.00388400,False,False,False,2,#ff0000
318,69,Feature,Point,"[-64.190903, -31.505146]",2708,51,2022-11-01T13:15:04-03:00,955,reg51,38.00,0.00569300,0.01596900,False,False,False,2,#ff0000
319,816,Feature,Point,"[-64.189331, -31.421188]",2911,51,2022-11-01T13:24:09-03:00,955,reg51,18.00,0.00545800,0.00254100,False,False,False,2,#ff0000
320,279,Feature,Point,"[-64.213646, -31.499836]",2926,51,2022-11-01T13:23:49-03:00,955,reg51,43.00,0.01769600,0.01078100,False,False,False,2,#ff0000
321,367,Feature,Point,"[-64.189003, -31.421024]",3505,51,2022-11-01T13:21:24-03:00,955,reg51,25.00,0.00545900,0.00211300,False,False,False,2,#ff0000
322,165,Feature,Point,"[-64.204247, -31.470549]",3506,51,2022-11-01T13:23:07-03:00,955,reg51,29.00,0.00728300,0.00439500,False,False,False,2,#ff0000
323,718,Feature,Point,"[-64.200508, -31.451069]",3508,51,2022-11-01T13:23:28-03:00,955,reg51,21.00,0.01115400,0.00389900,False,False,False,2,#ff0000
324,69,Feature,Point,"[-64.190903, -31.505146]",2708,51,2022-11-01T13:15:04-03:00,955,reg51,38.00,0.00569300,0.01596900,False,False,False,2,#ff0000
325,816,Feature,Point,"[-64.189331, -31.421188]",2911,51,2022-11-01T13:24:09-03:00,955,reg51,18.00,0.00545800,0.00254100,False,False,False,2,#ff0000
326,279,Feature,Point,"[-64.213646, -31.499836]",2926,51,2022-11-01T13:23:49-03:00,955,reg51,43.00,0.01769600,0.01078100,False,False,False,2,#ff0000
327,367,Feature,Point,"[-64.189003, -31.421024]",3505,51,2022-11-01T13:21:24-03:00,955,reg51,25.00,0.00545900,0.00211300,False,False,False,2,#ff0000
328,165,Feature,Point,"[-64.204247, -31.470549]",3506,51,2022-11-01T13:23:07-03:00,955,reg51,29.00,0.00728300,0.00439500,False,False,False,2,#ff0000
329,718,Feature,Point,"[-64.200508, -31.451069]",3508,51,2022-11-01T13:23:28-03:00,955,reg51,21.00,0.01115400,0.00389900,False,False,False,2,#ff0000
330,816,Feature,Point,"[-64.190193, -31.423414]",2911,51,2022-11-01T13:24:47-03:00,955,reg51,11.00,0.00703400,0.00289900,False,False,False,2,#ff0000
331,279,Feature,Point,"[-64.210373, -31.499557]",2926,51,2022-11-01T13:24:27-03:00,955,reg51,43.00,0.00476500,0.00387600,False,False,False,2,#ff0000
332,367,Feature,Point,"[-64.190163, -31.423384]",3505,51,2022-11-01T13:23:58-03:00,955,reg51,27.00,0.00693900,0.00288400,False,False,False,2,#ff0000
333,165,Feature,Point,"[-64.204384, -31.471008]",3506,51,2022-11-01T13:24:42-03:00,955,reg51,34.00,0.00765000,0.00206000,False,False,False,2,#ff0000
334,718,Feature,Point,"[-64.200859, -31.457825]",3508,51,2022-11-01T13:25:42-03:00,955,reg51,20.00,0.01009600,0.00186900,False,False,False,2,#ff0000
335,816,Feature,Point,"[-64.190193, -31.423414]",2911,51,2022-11-01T13:24:47-03:00,955,reg51,11.00,0.00703400,0.00289900,False,False,False,2,#ff0000
336,279,Feature,Point,"[-64.210373, -31.499557]",2926,51,2022-11-01T13:24:27-03:00,955,reg51,43.00,0.00476500,0.00387600,False,False,False,2,#ff0000
337,367,Feature,Point,"[-64.190163, -31.423384]",3505,51,2022-11-01T13:23:58-03:00,955,reg51,27.00,0.00693900,0.00288400,False,False,False,2,#ff0000
338,165,Feature,Point,"[-64.204384, -31.471008]",3506,51,2022-11-01T13:24:42-03:00,955,reg51,34.00,0.00765000,0.00206000,False,False,False,2,#ff0000
339,718,Feature,Point,"[-64.200859, -31.457825]",3508,51,2022-11-01T13:25:42-03:00,955,reg51,20.00,0.01009600,0.00186900,False,False,False,2,#ff0000
340,816,Feature,Point,"[-64.191177, -31.426043]",2911,51,2022-11-01T13:26:04-03:00,955,reg51,11.00,0.00799600,0.00339500,False,False,False,2,#ff0000
341,279,Feature,Point,"[-64.210373, -31.499557]",2926,51,2022-11-01T13:24:27-03:00,955,reg51,43.00,0.00476500,0.00387600,False,False,False,2,#ff0000
342,367,Feature,Point,"[-64.190163, -31.423384]",3505,51,2022-11-01T13:23:58-03:00,955,reg51,27.00,0.00693900,0.00288400,False,False,False,2,#ff0000
343,165,Feature,Point,"[-64.202751, -31.47864]",3506,51,2022-11-01T13:26:36-03:00,955,reg51,38.00,0.00763200,0.00178500,False,False,False,2,#ff0000
344,718,Feature,Point,"[-64.201981, -31.462029]",3508,51,2022-11-01T13:26:20-03:00,955,reg51,24.00,0.01096000,0.00147300,False,False,False,2,#ff0000
345,816,Feature,Point,"[-64.191177, -31.426043]",2911,51,2022-11-01T13:26:04-03:00,955,reg51,11.00,0.00799600,0.00339500,False,False,False,2,#ff0000
346,279,Feature,Point,"[-64.210373, -31.499557]",2926,51,2022-11-01T13:24:27-03:00,955,reg51,43.00,0.00476500,0.00387600,False,False,False,2,#ff0000
347,367,Feature,Point,"[-64.190163, -31.423384]",3505,51,2022-11-01T13:23:58-03:00,955,reg51,27.00,0.00693900,0.00288400,False,False,False,2,#ff0000
348,165,Feature,Point,"[-64.202751, -31.47864]",3506,51,2022-11-01T13:26:36-03:00,955,reg51,38.00,0.00763200,0.00178500,False,False,False,2,#ff0000
349,718,Feature,Point,"[-64.201981, -31.462029]",3508,51,2022-11-01T13:26:20-03:00,955,reg51,24.00,0.01096000,0.00147300,False,False,False,2,#ff0000
350,816,Feature,Point,"[-64.193329, -31.43062]",2911,51,2022-11-01T13:27:21-03:00,955,reg51,32.00,0.00943200,0.00399800,False,False,False,2,#ff0000
351,279,Feature,Point,"[-64.205406, -31.499502]",2926,51,2022-11-01T13:26:41-03:00,955,reg51,43.00,0.00054000,0.00884300,False,False,False,2,#ff0000
352,367,Feature,Point,"[-64.190163, -31.423384]",3505,51,2022-11-01T13:23:58-03:00,955,reg51,27.00,0.00693900,0.00288400,False,False,False,2,#ff0000
353,165,Feature,Point,"[-64.203094, -31.480997]",3506,51,2022-11-01T13:27:14-03:00,955,reg51,38.00,0.00683200,0.00049500,False,False,False,2,#ff0000
354,718,Feature,Point,"[-64.201981, -31.462029]",3508,51,2022-11-01T13:26:20-03:00,955,reg51,24.00,0.01096000,0.00147300,False,False,False,2,#ff0000
355,816,Feature,Point,"[-64.193329, -31.43062]",2911,51,2022-11-01T13:27:21-03:00,955,reg51,32.00,0.00943200,0.00399800,False,False,False,2,#ff0000
356,279,Feature,Point,"[-64.205406, -31.499502]",2926,51,2022-11-01T13:26:41-03:00,955,reg51,43.00,0.00054000,0.00884300,False,False,False,2,#ff0000
357,367,Feature,Point,"[-64.190163, -31.423384]",3505,51,2022-11-01T13:23:58-03:00,955,reg51,27.00,0.00693900,0.00288400,False,False,False,2,#ff0000
358,165,Feature,Point,"[-64.203094, -31.480997]",3506,51,2022-11-01T13:27:14-03:00,955,reg51,38.00,0.00683200,0.00049500,False,False,False,2,#ff0000
359,718,Feature,Point,"[-64.201981, -31.462029]",3508,51,2022-11-01T13:26:20-03:00,955,reg51,24.00,0.01096000,0.00147300,False,False,False,2,#ff0000
360,816,Feature,Point,"[-64.193771, -31.431694]",2911,51,2022-11-01T13:27:41-03:00,955,reg51,40.00,0.00828000,0.00357800,False,False,False,2,#ff0000
361,279,Feature,Point,"[-64.205406, -31.499502]",2926,51,2022-11-01T13:26:41-03:00,955,reg51,43.00,0.00054000,0.00884300,False,False,False,2,#ff0000
362,367,Feature,Point,"[-64.190163, -31.423384]",3505,51,2022-11-01T13:23:58-03:00,955,reg51,27.00,0.00693900,0.00288400,False,False,False,2,#ff0000
363,165,Feature,Point,"[-64.203262, -31.481546]",3506,51,2022-11-01T13:27:33-03:00,955,reg51,30.00,0.00642200,0.00066300,False,False,False,2,#ff0000
364,718,Feature,Point,"[-64.201981, -31.462029]",3508,51,2022-11-01T13:26:20-03:00,955,reg51,24.00,0.01096000,0.00147300,False,False,False,2,#ff0000
365,816,Feature,Point,"[-64.193771, -31.431694]",2911,51,2022-11-01T13:27:41-03:00,955,reg51,40.00,0.00828000,0.00357800,False,False,False,2,#ff0000
366,279,Feature,Point,"[-64.205406, -31.499502]",2926,51,2022-11-01T13:26:41-03:00,955,reg51,43.00,0.00054000,0.00884300,False,False,False,2,#ff0000
367,367,Feature,Point,"[-64.190163, -31.423384]",3505,51,2022-11-01T13:23:58-03:00,955,reg51,27.00,0.00693900,0.00288400,False,False,False,2,#ff0000
368,165,Feature,Point,"[-64.203262, -31.481546]",3506,51,2022-11-01T13:27:33-03:00,955,reg51,30.00,0.00642200,0.00066300,False,False,False,2,#ff0000
369,718,Feature,Point,"[-64.201981, -31.462029]",3508,51,2022-11-01T13:26:20-03:00,955,reg51,24.00,0.01096000,0.00147300,False,False,False,2,#ff0000
370,816,Feature,Point,"[-64.193771, -31.431694]",2911,51,2022-11-01T13:27:41-03:00,955,reg51,40.00,0.00828000,0.00357800,False,False,False,2,#ff0000
371,279,Feature,Point,"[-64.198013, -31.499514]",2926,51,2022-11-01T13:29:15-03:00,955,reg51,39.00,0.00033400,0.01563300,False,False,False,2,#ff0000
372,367,Feature,Point,"[-64.190163, -31.423384]",3505,51,2022-11-01T13:23:58-03:00,955,reg51,27.00,0.00693900,0.00288400,False,False,False,2,#ff0000
373,165,Feature,Point,"[-64.203262, -31.481546]",3506,51,2022-11-01T13:27:33-03:00,955,reg51,30.00,0.00642200,0.00066300,False,False,False,2,#ff0000
374,718,Feature,Point,"[-64.201981, -31.462029]",3508,51,2022-11-01T13:26:20-03:00,955,reg51,24.00,0.01096000,0.00147300,False,False,False,2,#ff0000
375,816,Feature,Point,"[-64.193771, -31.431694]",2911,51,2022-11-01T13:27:41-03:00,955,reg51,40.00,0.00828000,0.00357800,False,False,False,2,#ff0000
376,279,Feature,Point,"[-64.198013, -31.499514]",2926,51,2022-11-01T13:29:15-03:00,955,reg51,39.00,0.00033400,0.01563300,False,False,False,2,#ff0000
377,367,Feature,Point,"[-64.190163, -31.423384]",3505,51,2022-11-01T13:23:58-03:00,955,reg51,27.00,0.00693900,0.00288400,False,False,False,2,#ff0000
378,165,Feature,Point,"[-64.203262, -31.481546]",3506,51,2022-11-01T13:27:33-03:00,955,reg51,30.00,0.00642200,0.00066300,False,False,False,2,#ff0000
379,718,Feature,Point,"[-64.201981, -31.462029]",3508,51,2022-11-01T13:26:20-03:00,955,reg51,24.00,0.01096000,0.00147300,False,False,False,2,#ff0000
380,816,Feature,Point,"[-64.194756, -31.432814]",2911,51,2022-11-01T13:30:14-03:00,955,reg51,40.00,0.00677100,0.00357900,False,False,False,2,#ff0000
381,279,Feature,Point,"[-64.198013, -31.499514]",2926,51,2022-11-01T13:29:15-03:00,955,reg51,39.00,0.00033400,0.01563300,False,False,False,2,#ff0000
382,367,Feature,Point,"[-64.190163, -31.423384]",3505,51,2022-11-01T13:23:58-03:00,955,reg51,27.00,0.00693900,0.00288400,False,False,False,2,#ff0000
383,165,Feature,Point,"[-64.206978, -31.489489]",3506,51,2022-11-01T13:30:23-03:00,955,reg51,49.00,0.01247800,0.00429600,False,False,False,2,#ff0000
384,718,Feature,Point,"[-64.201981, -31.462029]",3508,51,2022-11-01T13:26:20-03:00,955,reg51,24.00,0.01096000,0.00147300,False,False,False,2,#ff0000
385,816,Feature,Point,"[-64.194756, -31.432814]",2911,51,2022-11-01T13:30:14-03:00,955,reg51,40.00,0.00677100,0.00357900,False,False,False,2,#ff0000
386,279,Feature,Point,"[-64.198013, -31.499514]",2926,51,2022-11-01T13:29:15-03:00,955,reg51,39.00,0.00033400,0.01563300,False,False,False,2,#ff0000
387,367,Feature,Point,"[-64.190163, -31.423384]",3505,51,2022-11-01T13:23:58-03:00,955,reg51,27.00,0.00693900,0.00288400,False,False,False,2,#ff0000
388,165,Feature,Point,"[-64.206978, -31.489489]",3506,51,2022-11-01T13:30:23-03:00,955,reg51,49.00,0.01247800,0.00429600,False,False,False,2,#ff0000
389,718,Feature,Point,"[-64.201981, -31.462029]",3508,51,2022-11-01T13:26:20-03:00,955,reg51,24.00,0.01096000,0.00147300,False,False,False,2,#ff0000
390,816,Feature,Point,"[-64.194756, -31.432814]",2911,51,2022-11-01T13:30:14-03:00,955,reg51,40.00,0.00677100,0.00357900,False,False,False,2,#ff0000
391,279,Feature,Point,"[-64.190521, -31.500051]",2926,51,2022-11-01T13:31:09-03:00,955,reg51,43.00,0.00054900,0.02179000,False,False,False,2,#ff0000
392,367,Feature,Point,"[-64.190163, -31.423384]",3505,51,2022-11-01T13:23:58-03:00,955,reg51,27.00,0.00693900,0.00288400,False,False,False,2,#ff0000
393,165,Feature,Point,"[-64.214653, -31.500134]",3506,51,2022-11-01T13:31:39-03:00,955,reg51,63.00,0.01913700,0.01155900,False,False,False,2,#ff0000
394,718,Feature,Point,"[-64.202698, -31.476961]",3508,51,2022-11-01T13:31:06-03:00,955,reg51,17.00,0.01913600,0.00183900,False,False,False,2,#ff0000
395,816,Feature,Point,"[-64.194756, -31.432814]",2911,51,2022-11-01T13:30:14-03:00,955,reg51,40.00,0.00677100,0.00357900,False,False,False,2,#ff0000
396,279,Feature,Point,"[-64.190521, -31.500051]",2926,51,2022-11-01T13:31:09-03:00,955,reg51,43.00,0.00054900,0.02179000,False,False,False,2,#ff0000
397,367,Feature,Point,"[-64.190163, -31.423384]",3505,51,2022-11-01T13:23:58-03:00,955,reg51,27.00,0.00693900,0.00288400,False,False,False,2,#ff0000
398,165,Feature,Point,"[-64.214653, -31.500134]",3506,51,2022-11-01T13:31:39-03:00,955,reg51,63.00,0.01913700,0.01155900,False,False,False,2,#ff0000
399,718,Feature,Point,"[-64.202698, -31.476961]",3508,51,2022-11-01T13:31:06-03:00,955,reg51,17.00,0.01913600,0.00183900,False,False,False,2,#ff0000
400,816,Feature,Point,"[-64.194756, -31.432814]",2911,51,2022-11-01T13:30:14-03:00,955,reg51,40.00,0.00677100,0.00357900,False,False,False,2,#ff0000
401,279,Feature,Point,"[-64.190231, -31.505102]",2926,51,2022-11-01T13:32:25-03:00,955,reg51,39.00,0.00558800,0.00810200,False,False,False,2,#ff0000
402,367,Feature,Point,"[-64.19252, -31.437946]",3505,51,2022-11-01T13:30:57-03:00,955,reg51,42.00,0.01456200,0.00307400,False,False,False,2,#ff0000
403,165,Feature,Point,"[-64.210243, -31.49954]",3506,51,2022-11-01T13:32:36-03:00,955,reg51,74.00,0.00533300,0.00441000,False,False,False,2,#ff0000
404,718,Feature,Point,"[-64.20343, -31.48217]",3508,51,2022-11-01T13:32:22-03:00,955,reg51,14.00,0.02014100,0.00144900,False,False,False,2,#ff0000
405,816,Feature,Point,"[-64.194756, -31.432814]",2911,51,2022-11-01T13:30:14-03:00,955,reg51,40.00,0.00677100,0.00357900,False,False,False,2,#ff0000
406,279,Feature,Point,"[-64.190231, -31.505102]",2926,51,2022-11-01T13:32:25-03:00,955,reg51,39.00,0.00558800,0.00810200,False,False,False,2,#ff0000
407,367,Feature,Point,"[-64.19252, -31.437946]",3505,51,2022-11-01T13:30:57-03:00,955,reg51,42.00,0.01456200,0.00307400,False,False,False,2,#ff0000
408,165,Feature,Point,"[-64.210243, -31.49954]",3506,51,2022-11-01T13:32:36-03:00,955,reg51,74.00,0.00533300,0.00441000,False,False,False,2,#ff0000
409,718,Feature,Point,"[-64.20343, -31.48217]",3508,51,2022-11-01T13:32:22-03:00,955,reg51,14.00,0.02014100,0.00144900,False,False,False,2,#ff0000
410,816,Feature,Point,"[-64.194794, -31.434271]",2911,51,2022-11-01T13:30:34-03:00,955,reg51,40.00,0.00564200,0.00235800,False,False,False,2,#ff0000
411,279,Feature,Point,"[-64.190231, -31.505102]",2926,51,2022-11-01T13:32:25-03:00,955,reg51,39.00,0.00558800,0.00810200,False,False,False,2,#ff0000
412,367,Feature,Point,"[-64.19252, -31.437946]",3505,51,2022-11-01T13:30:57-03:00,955,reg51,42.00,0.01456200,0.00307400,False,False,False,2,#ff0000
413,165,Feature,Point,"[-64.206642, -31.499531]",3506,51,2022-11-01T13:33:52-03:00,955,reg51,43.00,0.00060300,0.00801100,False,False,False,2,#ff0000
414,718,Feature,Point,"[-64.204643, -31.485462]",3508,51,2022-11-01T13:33:39-03:00,955,reg51,27.00,0.00850100,0.00194500,False,False,False,2,#ff0000
415,816,Feature,Point,"[-64.194794, -31.434271]",2911,51,2022-11-01T13:30:34-03:00,955,reg51,40.00,0.00564200,0.00235800,False,False,False,2,#ff0000
416,279,Feature,Point,"[-64.190231, -31.505102]",2926,51,2022-11-01T13:32:25-03:00,955,reg51,39.00,0.00558800,0.00810200,False,False,False,2,#ff0000
417,367,Feature,Point,"[-64.19252, -31.437946]",3505,51,2022-11-01T13:30:57-03:00,955,reg51,42.00,0.01456200,0.00307400,False,False,False,2,#ff0000
418,165,Feature,Point,"[-64.206642, -31.499531]",3506,51,2022-11-01T13:33:52-03:00,955,reg51,43.00,0.00060300,0.00801100,False,False,False,2,#ff0000
419,718,Feature,Point,"[-64.204643, -31.485462]",3508,51,2022-11-01T13:33:39-03:00,955,reg51,27.00,0.00850100,0.00194500,False,False,False,2,#ff0000
420,816,Feature,Point,"[-64.199348, -31.448441]",2911,51,2022-11-01T13:34:25-03:00,955,reg51,31.00,0.01674700,0.00557700,False,False,False,2,#ff0000
421,279,Feature,Point,"[-64.190231, -31.505102]",2926,51,2022-11-01T13:32:25-03:00,955,reg51,39.00,0.00558800,0.00810200,False,False,False,2,#ff0000
422,1738,Feature,Point,"[-64.193802, -31.428089]",3400,51,2022-11-01T13:34:38-03:00,955,reg51,39.00,0.00726700,0.00171700,False,False,False,2,#ff0000
423,367,Feature,Point,"[-64.193855, -31.442131]",3505,51,2022-11-01T13:33:52-03:00,955,reg51,42.00,0.01660200,0.00283000,False,False,False,2,#ff0000
424,165,Feature,Point,"[-64.204643, -31.499521]",3506,51,2022-11-01T13:34:30-03:00,955,reg51,43.00,0.00027900,0.00914000,False,False,False,2,#ff0000
425,718,Feature,Point,"[-64.206299, -31.48851]",3508,51,2022-11-01T13:34:56-03:00,955,reg51,30.00,0.00634000,0.00286900,False,False,False,2,#ff0000
426,816,Feature,Point,"[-64.199348, -31.448441]",2911,51,2022-11-01T13:34:25-03:00,955,reg51,31.00,0.01674700,0.00557700,False,False,False,2,#ff0000
427,279,Feature,Point,"[-64.190231, -31.505102]",2926,51,2022-11-01T13:32:25-03:00,955,reg51,39.00,0.00558800,0.00810200,False,False,False,2,#ff0000
428,1738,Feature,Point,"[-64.193802, -31.428089]",3400,51,2022-11-01T13:34:38-03:00,955,reg51,39.00,0.00726700,0.00171700,False,False,False,2,#ff0000
429,367,Feature,Point,"[-64.193855, -31.442131]",3505,51,2022-11-01T13:33:52-03:00,955,reg51,42.00,0.01660200,0.00283000,False,False,False,2,#ff0000
430,165,Feature,Point,"[-64.204643, -31.499521]",3506,51,2022-11-01T13:34:30-03:00,955,reg51,43.00,0.00027900,0.00914000,False,False,False,2,#ff0000
431,718,Feature,Point,"[-64.206299, -31.48851]",3508,51,2022-11-01T13:34:56-03:00,955,reg51,30.00,0.00634000,0.00286900,False,False,False,2,#ff0000
432,816,Feature,Point,"[-64.200684, -31.450893]",2911,51,2022-11-01T13:35:43-03:00,955,reg51,21.00,0.01662200,0.00589000,False,False,False,2,#ff0000
433,1738,Feature,Point,"[-64.193802, -31.428089]",3400,51,2022-11-01T13:34:38-03:00,955,reg51,39.00,0.00726700,0.00171700,False,False,False,2,#ff0000
434,367,Feature,Point,"[-64.194214, -31.442698]",3505,51,2022-11-01T13:35:09-03:00,955,reg51,37.00,0.01007500,0.00261700,False,False,False,2,#ff0000
435,165,Feature,Point,"[-64.202705, -31.499483]",3506,51,2022-11-01T13:35:27-03:00,955,reg51,30.00,0.00005700,0.00753800,False,False,False,2,#ff0000
436,718,Feature,Point,"[-64.207977, -31.490822]",3508,51,2022-11-01T13:35:15-03:00,955,reg51,47.00,0.00692600,0.00391400,False,False,False,2,#ff0000
437,816,Feature,Point,"[-64.200684, -31.450893]",2911,51,2022-11-01T13:35:43-03:00,955,reg51,21.00,0.01662200,0.00589000,False,False,False,2,#ff0000
438,1738,Feature,Point,"[-64.193802, -31.428089]",3400,51,2022-11-01T13:34:38-03:00,955,reg51,39.00,0.00726700,0.00171700,False,False,False,2,#ff0000
439,367,Feature,Point,"[-64.194214, -31.442698]",3505,51,2022-11-01T13:35:09-03:00,955,reg51,37.00,0.01007500,0.00261700,False,False,False,2,#ff0000
440,165,Feature,Point,"[-64.202705, -31.499483]",3506,51,2022-11-01T13:35:27-03:00,955,reg51,30.00,0.00005700,0.00753800,False,False,False,2,#ff0000
441,718,Feature,Point,"[-64.207977, -31.490822]",3508,51,2022-11-01T13:35:15-03:00,955,reg51,47.00,0.00692600,0.00391400,False,False,False,2,#ff0000
442,816,Feature,Point,"[-64.200768, -31.452822]",2911,51,2022-11-01T13:36:40-03:00,955,reg51,42.00,0.00855100,0.00280800,False,False,False,2,#ff0000
443,1738,Feature,Point,"[-64.193001, -31.42622]",3400,51,2022-11-01T13:36:14-03:00,955,reg51,30.00,0.00687600,0.00216700,False,False,False,2,#ff0000
444,367,Feature,Point,"[-64.194519, -31.443161]",3505,51,2022-11-01T13:36:07-03:00,955,reg51,37.00,0.01040100,0.00292200,False,False,False,2,#ff0000
445,165,Feature,Point,"[-64.198776, -31.499519]",3506,51,2022-11-01T13:36:43-03:00,955,reg51,30.00,0.00005700,0.00586700,False,False,False,2,#ff0000
446,718,Feature,Point,"[-64.214279, -31.499386]",3508,51,2022-11-01T13:36:51-03:00,955,reg51,54.00,0.01347400,0.00943700,False,False,False,2,#ff0000
447,816,Feature,Point,"[-64.200768, -31.452822]",2911,51,2022-11-01T13:36:40-03:00,955,reg51,42.00,0.00855100,0.00280800,False,False,False,2,#ff0000
448,1738,Feature,Point,"[-64.193001, -31.42622]",3400,51,2022-11-01T13:36:14-03:00,955,reg51,30.00,0.00687600,0.00216700,False,False,False,2,#ff0000
449,367,Feature,Point,"[-64.194519, -31.443161]",3505,51,2022-11-01T13:36:07-03:00,955,reg51,37.00,0.01040100,0.00292200,False,False,False,2,#ff0000
450,165,Feature,Point,"[-64.198776, -31.499519]",3506,51,2022-11-01T13:36:43-03:00,955,reg51,30.00,0.00005700,0.00586700,False,False,False,2,#ff0000
451,718,Feature,Point,"[-64.214279, -31.499386]",3508,51,2022-11-01T13:36:51-03:00,955,reg51,54.00,0.01347400,0.00943700,False,False,False,2,#ff0000
452,816,Feature,Point,"[-64.20118, -31.455603]",2911,51,2022-11-01T13:37:38-03:00,955,reg51,34.00,0.00716200,0.00183200,False,False,False,2,#ff0000
453,301,Feature,Point,"[-64.184654, -31.409594]",2999,51,2022-11-01T13:37:50-03:00,955,reg51,24.00,0.00411900,0.00303700,False,False,False,2,#ff0000
454,1738,Feature,Point,"[-64.192535, -31.424961]",3400,51,2022-11-01T13:37:49-03:00,955,reg51,19.00,0.00754400,0.00263300,False,False,False,2,#ff0000
455,367,Feature,Point,"[-64.193695, -31.443331]",3505,51,2022-11-01T13:37:04-03:00,955,reg51,30.00,0.00538500,0.00199900,False,False,False,2,#ff0000
456,165,Feature,Point,"[-64.195663, -31.499493]",3506,51,2022-11-01T13:37:40-03:00,955,reg51,47.00,0.00005500,0.00704200,False,False,False,2,#ff0000
457,718,Feature,Point,"[-64.210403, -31.49955]",3508,51,2022-11-01T13:37:49-03:00,955,reg51,48.00,0.01104000,0.00798000,False,False,False,2,#ff0000
458,816,Feature,Point,"[-64.20118, -31.455603]",2911,51,2022-11-01T13:37:38-03:00,955,reg51,34.00,0.00716200,0.00183200,False,False,False,2,#ff0000
459,301,Feature,Point,"[-64.184654, -31.409594]",2999,51,2022-11-01T13:37:50-03:00,955,reg51,24.00,0.00411900,0.00303700,False,False,False,2,#ff0000
460,1738,Feature,Point,"[-64.192535, -31.424961]",3400,51,2022-11-01T13:37:49-03:00,955,reg51,19.00,0.00754400,0.00263300,False,False,False,2,#ff0000
461,367,Feature,Point,"[-64.193695, -31.443331]",3505,51,2022-11-01T13:37:04-03:00,955,reg51,30.00,0.00538500,0.00199900,False,False,False,2,#ff0000
462,165,Feature,Point,"[-64.195663, -31.499493]",3506,51,2022-11-01T13:37:40-03:00,955,reg51,47.00,0.00005500,0.00704200,False,False,False,2,#ff0000
463,718,Feature,Point,"[-64.210403, -31.49955]",3508,51,2022-11-01T13:37:49-03:00,955,reg51,48.00,0.01104000,0.00798000,False,False,False,2,#ff0000
464,816,Feature,Point,"[-64.200905, -31.456345]",2911,51,2022-11-01T13:37:57-03:00,955,reg51,34.00,0.00689900,0.00148100,False,False,False,2,#ff0000
465,301,Feature,Point,"[-64.185005, -31.411137]",2999,51,2022-11-01T13:38:09-03:00,955,reg51,24.00,0.00290400,0.00261700,False,False,False,2,#ff0000
466,1738,Feature,Point,"[-64.191925, -31.4237]",3400,51,2022-11-01T13:38:08-03:00,955,reg51,27.00,0.00820600,0.00324300,False,False,False,2,#ff0000
467,367,Feature,Point,"[-64.19442, -31.448975]",3505,51,2022-11-01T13:38:41-03:00,955,reg51,30.00,0.00627700,0.00082400,False,False,False,2,#ff0000
468,165,Feature,Point,"[-64.192459, -31.499481]",3506,51,2022-11-01T13:38:56-03:00,955,reg51,47.00,0.00005500,0.00904100,False,False,False,2,#ff0000
469,718,Feature,Point,"[-64.20858, -31.499529]",3508,51,2022-11-01T13:38:27-03:00,955,reg51,48.00,0.00872800,0.00630200,False,False,False,2,#ff0000
470,816,Feature,Point,"[-64.200905, -31.456345]",2911,51,2022-11-01T13:37:57-03:00,955,reg51,34.00,0.00689900,0.00148100,False,False,False,2,#ff0000
471,301,Feature,Point,"[-64.185005, -31.411137]",2999,51,2022-11-01T13:38:09-03:00,955,reg51,24.00,0.00290400,0.00261700,False,False,False,2,#ff0000
472,1738,Feature,Point,"[-64.191925, -31.4237]",3400,51,2022-11-01T13:38:08-03:00,955,reg51,27.00,0.00820600,0.00324300,False,False,False,2,#ff0000
473,367,Feature,Point,"[-64.19442, -31.448975]",3505,51,2022-11-01T13:38:41-03:00,955,reg51,30.00,0.00627700,0.00082400,False,False,False,2,#ff0000
474,165,Feature,Point,"[-64.192459, -31.499481]",3506,51,2022-11-01T13:38:56-03:00,955,reg51,47.00,0.00005500,0.00904100,False,False,False,2,#ff0000
475,718,Feature,Point,"[-64.20858, -31.499529]",3508,51,2022-11-01T13:38:27-03:00,955,reg51,48.00,0.00872800,0.00630200,False,False,False,2,#ff0000
476,816,Feature,Point,"[-64.201385, -31.459763]",2911,51,2022-11-01T13:39:34-03:00,955,reg51,49.00,0.00694100,0.00061700,False,False,False,2,#ff0000
477,301,Feature,Point,"[-64.185005, -31.411137]",2999,51,2022-11-01T13:38:09-03:00,955,reg51,24.00,0.00290400,0.00261700,False,False,False,2,#ff0000
478,1738,Feature,Point,"[-64.190926, -31.42181]",3400,51,2022-11-01T13:39:44-03:00,955,reg51,23.00,0.00627900,0.00287600,False,False,False,2,#ff0000
479,367,Feature,Point,"[-64.194519, -31.449862]",3505,51,2022-11-01T13:39:00-03:00,955,reg51,30.00,0.00670100,0.00082400,False,False,False,2,#ff0000
480,165,Feature,Point,"[-64.189804, -31.500359]",3506,51,2022-11-01T13:39:53-03:00,955,reg51,37.00,0.00087800,0.00714900,False,False,False,2,#ff0000
481,718,Feature,Point,"[-64.20668, -31.499504]",3508,51,2022-11-01T13:39:24-03:00,955,reg51,48.00,0.00016400,0.00759900,False,False,False,2,#ff0000
482,816,Feature,Point,"[-64.201385, -31.459763]",2911,51,2022-11-01T13:39:34-03:00,955,reg51,49.00,0.00694100,0.00061700,False,False,False,2,#ff0000
483,301,Feature,Point,"[-64.185005, -31.411137]",2999,51,2022-11-01T13:38:09-03:00,955,reg51,24.00,0.00290400,0.00261700,False,False,False,2,#ff0000
484,1738,Feature,Point,"[-64.190926, -31.42181]",3400,51,2022-11-01T13:39:44-03:00,955,reg51,23.00,0.00627900,0.00287600,False,False,False,2,#ff0000
485,367,Feature,Point,"[-64.194519, -31.449862]",3505,51,2022-11-01T13:39:00-03:00,955,reg51,30.00,0.00670100,0.00082400,False,False,False,2,#ff0000
486,165,Feature,Point,"[-64.189804, -31.500359]",3506,51,2022-11-01T13:39:53-03:00,955,reg51,37.00,0.00087800,0.00714900,False,False,False,2,#ff0000
487,718,Feature,Point,"[-64.20668, -31.499504]",3508,51,2022-11-01T13:39:24-03:00,955,reg51,48.00,0.00016400,0.00759900,False,False,False,2,#ff0000
488,816,Feature,Point,"[-64.201385, -31.459763]",2911,51,2022-11-01T13:39:34-03:00,955,reg51,49.00,0.00694100,0.00061700,False,False,False,2,#ff0000
489,301,Feature,Point,"[-64.186935, -31.415852]",2999,51,2022-11-01T13:41:00-03:00,955,reg51,25.00,0.00625800,0.00228100,False,False,False,2,#ff0000
490,1738,Feature,Point,"[-64.190567, -31.421276]",3400,51,2022-11-01T13:40:23-03:00,955,reg51,26.00,0.00494400,0.00243400,False,False,False,2,#ff0000
491,367,Feature,Point,"[-64.195602, -31.454193]",3505,51,2022-11-01T13:40:55-03:00,955,reg51,29.00,0.00679800,0.00134200,False,False,False,2,#ff0000
492,165,Feature,Point,"[-64.189804, -31.500359]",3506,51,2022-11-01T13:39:53-03:00,955,reg51,37.00,0.00087800,0.00714900,False,False,False,2,#ff0000
493,718,Feature,Point,"[-64.204651, -31.4995]",3508,51,2022-11-01T13:40:02-03:00,955,reg51,31.00,0.00004400,0.00392900,False,False,False,2,#ff0000
494,816,Feature,Point,"[-64.201385, -31.459763]",2911,51,2022-11-01T13:39:34-03:00,955,reg51,49.00,0.00694100,0.00061700,False,False,False,2,#ff0000
495,301,Feature,Point,"[-64.186935, -31.415852]",2999,51,2022-11-01T13:41:00-03:00,955,reg51,25.00,0.00625800,0.00228100,False,False,False,2,#ff0000
496,1738,Feature,Point,"[-64.190567, -31.421276]",3400,51,2022-11-01T13:40:23-03:00,955,reg51,26.00,0.00494400,0.00243400,False,False,False,2,#ff0000
497,367,Feature,Point,"[-64.195602, -31.454193]",3505,51,2022-11-01T13:40:55-03:00,955,reg51,29.00,0.00679800,0.00134200,False,False,False,2,#ff0000
498,165,Feature,Point,"[-64.189804, -31.500359]",3506,51,2022-11-01T13:39:53-03:00,955,reg51,37.00,0.00087800,0.00714900,False,False,False,2,#ff0000
499,718,Feature,Point,"[-64.204651, -31.4995]",3508,51,2022-11-01T13:40:02-03:00,955,reg51,31.00,0.00004400,0.00392900,False,False,False,2,#ff0000
500,816,Feature,Point,"[-64.20266, -31.464506]",2911,51,2022-11-01T13:41:30-03:00,955,reg51,33.00,0.00890300,0.00175500,False,False,False,2,#ff0000
501,301,Feature,Point,"[-64.186935, -31.415852]",2999,51,2022-11-01T13:41:00-03:00,955,reg51,25.00,0.00625800,0.00228100,False,False,False,2,#ff0000
502,1738,Feature,Point,"[-64.190117, -31.420418]",3400,51,2022-11-01T13:41:20-03:00,955,reg51,26.00,0.00454300,0.00241800,False,False,False,2,#ff0000
503,367,Feature,Point,"[-64.195992, -31.455713]",3505,51,2022-11-01T13:41:14-03:00,955,reg51,29.00,0.00673800,0.00157200,False,False,False,2,#ff0000
504,165,Feature,Point,"[-64.191711, -31.505144]",3506,51,2022-11-01T13:41:09-03:00,955,reg51,16.00,0.00566300,0.00585900,False,False,False,2,#ff0000
505,718,Feature,Point,"[-64.201569, -31.49947]",3508,51,2022-11-01T13:41:37-03:00,955,reg51,27.00,0.00003400,0.00611800,False,False,False,2,#ff0000
506,816,Feature,Point,"[-64.20266, -31.464506]",2911,51,2022-11-01T13:41:30-03:00,955,reg51,33.00,0.00890300,0.00175500,False,False,False,2,#ff0000
507,301,Feature,Point,"[-64.186935, -31.415852]",2999,51,2022-11-01T13:41:00-03:00,955,reg51,25.00,0.00625800,0.00228100,False,False,False,2,#ff0000
508,1738,Feature,Point,"[-64.190117, -31.420418]",3400,51,2022-11-01T13:41:20-03:00,955,reg51,26.00,0.00454300,0.00241800,False,False,False,2,#ff0000
509,367,Feature,Point,"[-64.195992, -31.455713]",3505,51,2022-11-01T13:41:14-03:00,955,reg51,29.00,0.00673800,0.00157200,False,False,False,2,#ff0000
510,165,Feature,Point,"[-64.191711, -31.505144]",3506,51,2022-11-01T13:41:09-03:00,955,reg51,16.00,0.00566300,0.00585900,False,False,False,2,#ff0000
511,718,Feature,Point,"[-64.201569, -31.49947]",3508,51,2022-11-01T13:41:37-03:00,955,reg51,27.00,0.00003400,0.00611800,False,False,False,2,#ff0000
512,816,Feature,Point,"[-64.20385, -31.468782]",2911,51,2022-11-01T13:42:47-03:00,955,reg51,38.00,0.01069600,0.00292200,False,False,False,2,#ff0000
513,301,Feature,Point,"[-64.186935, -31.415852]",2999,51,2022-11-01T13:41:00-03:00,955,reg51,25.00,0.00625800,0.00228100,False,False,False,2,#ff0000
514,1738,Feature,Point,"[-64.19001, -31.419224]",3400,51,2022-11-01T13:42:36-03:00,955,reg51,26.00,0.00447600,0.00191500,False,False,False,2,#ff0000
515,367,Feature,Point,"[-64.197929, -31.462715]",3505,51,2022-11-01T13:43:09-03:00,955,reg51,16.00,0.01076900,0.00297500,False,False,False,2,#ff0000
516,165,Feature,Point,"[-64.191711, -31.505144]",3506,51,2022-11-01T13:41:09-03:00,955,reg51,16.00,0.00566300,0.00585900,False,False,False,2,#ff0000
517,718,Feature,Point,"[-64.195717, -31.499483]",3508,51,2022-11-01T13:43:13-03:00,955,reg51,27.00,0.00003000,0.01042900,False,False,False,2,#ff0000
518,816,Feature,Point,"[-64.20385, -31.468782]",2911,51,2022-11-01T13:42:47-03:00,955,reg51,38.00,0.01069600,0.00292200,False,False,False,2,#ff0000
519,301,Feature,Point,"[-64.186935, -31.415852]",2999,51,2022-11-01T13:41:00-03:00,955,reg51,25.00,0.00625800,0.00228100,False,False,False,2,#ff0000
520,1738,Feature,Point,"[-64.19001, -31.419224]",3400,51,2022-11-01T13:42:36-03:00,955,reg51,26.00,0.00447600,0.00191500,False,False,False,2,#ff0000
521,367,Feature,Point,"[-64.197929, -31.462715]",3505,51,2022-11-01T13:43:09-03:00,955,reg51,16.00,0.01076900,0.00297500,False,False,False,2,#ff0000
522,165,Feature,Point,"[-64.191711, -31.505144]",3506,51,2022-11-01T13:41:09-03:00,955,reg51,16.00,0.00566300,0.00585900,False,False,False,2,#ff0000
523,718,Feature,Point,"[-64.195717, -31.499483]",3508,51,2022-11-01T13:43:13-03:00,955,reg51,27.00,0.00003000,0.01042900,False,False,False,2,#ff0000
524,816,Feature,Point,"[-64.20385, -31.468782]",2911,51,2022-11-01T13:42:47-03:00,955,reg51,38.00,0.01069600,0.00292200,False,False,False,2,#ff0000
525,301,Feature,Point,"[-64.186935, -31.415852]",2999,51,2022-11-01T13:41:00-03:00,955,reg51,25.00,0.00625800,0.00228100,False,False,False,2,#ff0000
526,1738,Feature,Point,"[-64.19001, -31.419224]",3400,51,2022-11-01T13:42:36-03:00,955,reg51,26.00,0.00447600,0.00191500,False,False,False,2,#ff0000
527,367,Feature,Point,"[-64.198494, -31.46352]",3505,51,2022-11-01T13:43:29-03:00,955,reg51,16.00,0.00932700,0.00289200,False,False,False,2,#ff0000
528,165,Feature,Point,"[-64.191711, -31.505144]",3506,51,2022-11-01T13:41:09-03:00,955,reg51,16.00,0.00566300,0.00585900,False,False,False,2,#ff0000
529,718,Feature,Point,"[-64.195717, -31.499483]",3508,51,2022-11-01T13:43:13-03:00,955,reg51,27.00,0.00003000,0.01042900,False,False,False,2,#ff0000
530,816,Feature,Point,"[-64.20385, -31.468782]",2911,51,2022-11-01T13:42:47-03:00,955,reg51,38.00,0.01069600,0.00292200,False,False,False,2,#ff0000
531,301,Feature,Point,"[-64.186935, -31.415852]",2999,51,2022-11-01T13:41:00-03:00,955,reg51,25.00,0.00625800,0.00228100,False,False,False,2,#ff0000
532,1738,Feature,Point,"[-64.19001, -31.419224]",3400,51,2022-11-01T13:42:36-03:00,955,reg51,26.00,0.00447600,0.00191500,False,False,False,2,#ff0000
533,367,Feature,Point,"[-64.198494, -31.46352]",3505,51,2022-11-01T13:43:29-03:00,955,reg51,16.00,0.00932700,0.00289200,False,False,False,2,#ff0000
534,165,Feature,Point,"[-64.191711, -31.505144]",3506,51,2022-11-01T13:41:09-03:00,955,reg51,16.00,0.00566300,0.00585900,False,False,False,2,#ff0000
535,718,Feature,Point,"[-64.195717, -31.499483]",3508,51,2022-11-01T13:43:13-03:00,955,reg51,27.00,0.00003000,0.01042900,False,False,False,2,#ff0000
536,816,Feature,Point,"[-64.20385, -31.468782]",2911,51,2022-11-01T13:42:47-03:00,955,reg51,38.00,0.01069600,0.00292200,False,False,False,2,#ff0000
537,301,Feature,Point,"[-64.186935, -31.415852]",2999,51,2022-11-01T13:41:00-03:00,955,reg51,25.00,0.00625800,0.00228100,False,False,False,2,#ff0000
538,1738,Feature,Point,"[-64.189484, -31.417482]",3400,51,2022-11-01T13:44:50-03:00,955,reg51,13.00,0.00432800,0.00144200,False,False,False,2,#ff0000
539,367,Feature,Point,"[-64.198494, -31.46352]",3505,51,2022-11-01T13:43:29-03:00,955,reg51,16.00,0.00932700,0.00289200,False,False,False,2,#ff0000
540,718,Feature,Point,"[-64.18988, -31.502199]",3508,51,2022-11-01T13:45:07-03:00,955,reg51,52.00,0.00273300,0.01168900,False,False,False,2,#ff0000
541,816,Feature,Point,"[-64.20385, -31.468782]",2911,51,2022-11-01T13:42:47-03:00,955,reg51,38.00,0.01069600,0.00292200,False,False,False,2,#ff0000
542,301,Feature,Point,"[-64.186935, -31.415852]",2999,51,2022-11-01T13:41:00-03:00,955,reg51,25.00,0.00625800,0.00228100,False,False,False,2,#ff0000
543,1738,Feature,Point,"[-64.189484, -31.417482]",3400,51,2022-11-01T13:44:50-03:00,955,reg51,13.00,0.00432800,0.00144200,False,False,False,2,#ff0000
544,367,Feature,Point,"[-64.198494, -31.46352]",3505,51,2022-11-01T13:43:29-03:00,955,reg51,16.00,0.00932700,0.00289200,False,False,False,2,#ff0000
545,718,Feature,Point,"[-64.18988, -31.502199]",3508,51,2022-11-01T13:45:07-03:00,955,reg51,52.00,0.00273300,0.01168900,False,False,False,2,#ff0000
546,816,Feature,Point,"[-64.20385, -31.468782]",2911,51,2022-11-01T13:42:47-03:00,955,reg51,38.00,0.01069600,0.00292200,False,False,False,2,#ff0000
547,301,Feature,Point,"[-64.188934, -31.420645]",2999,51,2022-11-01T13:45:05-03:00,955,reg51,16.00,0.01105100,0.00428000,False,False,False,2,#ff0000
548,1738,Feature,Point,"[-64.189484, -31.417482]",3400,51,2022-11-01T13:44:50-03:00,955,reg51,13.00,0.00432800,0.00144200,False,False,False,2,#ff0000
549,367,Feature,Point,"[-64.198494, -31.46352]",3505,51,2022-11-01T13:43:29-03:00,955,reg51,16.00,0.00932700,0.00289200,False,False,False,2,#ff0000
550,718,Feature,Point,"[-64.190613, -31.505154]",3508,51,2022-11-01T13:45:46-03:00,955,reg51,41.00,0.00568800,0.00942300,False,False,False,2,#ff0000
551,816,Feature,Point,"[-64.20385, -31.468782]",2911,51,2022-11-01T13:42:47-03:00,955,reg51,38.00,0.01069600,0.00292200,False,False,False,2,#ff0000
552,301,Feature,Point,"[-64.188934, -31.420645]",2999,51,2022-11-01T13:45:05-03:00,955,reg51,16.00,0.01105100,0.00428000,False,False,False,2,#ff0000
553,1738,Feature,Point,"[-64.189484, -31.417482]",3400,51,2022-11-01T13:44:50-03:00,955,reg51,13.00,0.00432800,0.00144200,False,False,False,2,#ff0000
554,367,Feature,Point,"[-64.198494, -31.46352]",3505,51,2022-11-01T13:43:29-03:00,955,reg51,16.00,0.00932700,0.00289200,False,False,False,2,#ff0000
555,718,Feature,Point,"[-64.190613, -31.505154]",3508,51,2022-11-01T13:45:46-03:00,955,reg51,41.00,0.00568800,0.00942300,False,False,False,2,#ff0000
556,816,Feature,Point,"[-64.204445, -31.471149]",2911,51,2022-11-01T13:46:58-03:00,955,reg51,49.00,0.01138600,0.00306000,False,False,False,2,#ff0000
557,301,Feature,Point,"[-64.188934, -31.420645]",2999,51,2022-11-01T13:45:05-03:00,955,reg51,16.00,0.01105100,0.00428000,False,False,False,2,#ff0000
558,1738,Feature,Point,"[-64.189484, -31.417482]",3400,51,2022-11-01T13:44:50-03:00,955,reg51,13.00,0.00432800,0.00144200,False,False,False,2,#ff0000
559,367,Feature,Point,"[-64.198494, -31.46352]",3505,51,2022-11-01T13:43:29-03:00,955,reg51,16.00,0.00932700,0.00289200,False,False,False,2,#ff0000
560,816,Feature,Point,"[-64.204445, -31.471149]",2911,51,2022-11-01T13:46:58-03:00,955,reg51,49.00,0.01138600,0.00306000,False,False,False,2,#ff0000
561,301,Feature,Point,"[-64.188934, -31.420645]",2999,51,2022-11-01T13:45:05-03:00,955,reg51,16.00,0.01105100,0.00428000,False,False,False,2,#ff0000
562,1738,Feature,Point,"[-64.189484, -31.417482]",3400,51,2022-11-01T13:44:50-03:00,955,reg51,13.00,0.00432800,0.00144200,False,False,False,2,#ff0000
563,367,Feature,Point,"[-64.198494, -31.46352]",3505,51,2022-11-01T13:43:29-03:00,955,reg51,16.00,0.00932700,0.00289200,False,False,False,2,#ff0000
564,816,Feature,Point,"[-64.203491, -31.473297]",2911,51,2022-11-01T13:48:15-03:00,955,reg51,46.00,0.00543600,0.00108400,False,False,False,2,#ff0000
565,301,Feature,Point,"[-64.191444, -31.426508]",2999,51,2022-11-01T13:46:59-03:00,955,reg51,25.00,0.01537100,0.00643900,False,False,False,2,#ff0000
566,1738,Feature,Point,"[-64.188004, -31.4144]",3400,51,2022-11-01T13:48:20-03:00,955,reg51,13.00,0.00601800,0.00211300,False,False,False,2,#ff0000
567,367,Feature,Point,"[-64.198494, -31.46352]",3505,51,2022-11-01T13:43:29-03:00,955,reg51,16.00,0.00932700,0.00289200,False,False,False,2,#ff0000
568,398,Feature,Point,"[-64.184456, -31.409525]",3511,51,2022-11-01T13:46:18-03:00,955,reg51,39.00,0.00607300,0.00376900,False,False,False,2,#ff0000
